,,,Cosmological parameters,,,,,,,Derived parameters,,,,
Serial Number,Run,Job,Omega_m,sigma_8,w,Omega_b little_h^2,little_h,n_s,m_nu,Omega_b,Comment,RunTime (hours),WhereRun,wa
1,C,1,0.2900404837,0.7657514029,-1.008941473,0.02236562735,0.6673620556,0.949651544,0.06,0.0502178441,Verification run - naive treatment of neutrinos,19.58333,Wilkes,-2.0906559101313213
2,C,2,0.2496287584,0.9504961601,-0.7924174042,0.02233918034,0.7165473754,0.9513110688,0.06,0.04350883101,Verification run - naive treatment of neutrinos,25.28333,Wilkes,-1.7329666411609885
3,C,3,0.3304728355,0.6076453374,-1.229758545,0.02243142545,0.7226843574,0.9523584611,0.06,0.04294964354,Verification run - naive treatment of neutrinos,17.13333,Wilkes,0.18946182933093647
4,C,4,0.27094407,0.8513675341,-1.112993329,0.02244106655,0.7082105652,0.9531430353,0.06,0.04474233973,Verification run - naive treatment of neutrinos,22.28333,Wilkes,-0.29498131699610175
5,C,5,0.3589897333,0.5245736508,-0.6469088671,0.02231486136,0.6952030973,0.9537788358,0.06,0.04617116112,Verification run - naive treatment of neutrinos,16.53333,Wilkes,-1.435561797592364
6,C,6,0.221166852,0.8112194208,-0.905774682,0.02269354598,0.6748089368,0.9543181345,0.06,0.04983571699,Verification run - naive treatment of neutrinos,21.65,Wilkes,-1.6687442885344619
7,C,7,0.309141105,0.9154774522,-1.386154584,0.02249541443,0.7014858013,0.9547894539,0.06,0.04571473733,Verification run - naive treatment of neutrinos,23.85,Wilkes,-0.6067649856512407
8,C,8,0.2607509034,0.7160709102,-1.299660613,0.02244434459,0.7233675982,0.9552101463,0.06,0.04289323727,Verification run - naive treatment of neutrinos,18.18333,Wilkes,-2.2530632575851466
9,C,9,0.3432188853,0.8390318403,-0.8512597351,0.02236271042,0.724067712,0.9555915907,0.06,0.04265461996,Verification run - naive treatment of neutrinos,23.93333,Wilkes,-0.3089758239415148
10,C,10,0.198296789,0.9605255918,-0.5398929465,0.02250828258,0.7112059773,0.9559416715,0.06,0.04449913438,Verification run - naive treatment of neutrinos,27.2,Wilkes,0.7672114610797487
11,C,11,0.2994700789,0.5390741042,-1.060229412,0.02229893345,0.6942052827,0.9562660875,0.06,0.04627093367,Verification run - naive treatment of neutrinos,15.36667,Wilkes,-2.007017141481716
12,C,12,0.2369009993,1.083963453,-1.16877082,0.02234215134,0.6788754343,0.9565690981,0.06,0.04847801202,Verification run - naive treatment of neutrinos,25.9,Wilkes,0.7955246073332729
13,C,13,0.3193403133,0.7025919094,-0.7262259431,0.02226043277,0.6849200159,0.9568539745,0.06,0.04745193067,Verification run - naive treatment of neutrinos,18.93333,Wilkes,-0.33105018759851035
14,C,14,0.2806118946,0.627277849,-0.9578655863,0.02227514143,0.7370379444,0.9571232863,0.06,0.04100537392,Verification run - naive treatment of neutrinos,17.6,Wilkes,-2.6164082576235517
15,C,15,0.3819644299,0.7423988399,-1.511797658,0.02239488854,0.6861205277,0.957379091,0.06,0.04757163515,Verification run - naive treatment of neutrinos,20.38333,Wilkes,-1.2326413353287489
16,C,16,0.2853405937,0.936324772,-1.441154703,0.02246132483,0.6956975835,0.9576230629,0.06,0.04640816311,Verification run - naive treatment of neutrinos,23.68333,Wilkes,0.5459196773100707
17,C,17,0.4015927887,0.5895846041,-0.9320279369,0.02219093074,0.7019619637,0.9578565837,0.06,0.04503481235,Verification run - naive treatment of neutrinos,17.26667,Wilkes,-0.2101860004719116
18,C,18,0.2435267235,0.6177389796,-0.6887733658,0.0223860614,0.7454489719,0.9580808082,0.06,0.04028485922,Verification run - naive treatment of neutrinos,18.58333,Wilkes,-1.6941085437195516
19,C,19,0.3247567585,0.7640642013,-1.140389949,0.02247956723,0.7188747231,0.9582967116,0.06,0.04349922499,Verification run - naive treatment of neutrinos,21.08333,Wilkes,-0.06428734667973401
20,C,20,0.2111613528,0.8807610812,-1.034483248,0.0223510039,0.6765205452,0.9585051259,0.06,0.04883543426,Verification run - naive treatment of neutrinos,22.73333,Wilkes,-2.119460177818055
21,C,21,0.3042592123,0.9743160185,-0.4619486656,0.02224040246,0.707233878,0.9587067666,0.06,0.04446481909,Verification run - naive treatment of neutrinos,27.9,Wilkes,-2.6736217218311675
22,C,22,0.2659344469,0.9051988755,-0.8225309428,0.02245784107,0.6534273487,0.9589022545,0.06,0.05259850362,Verification run - naive treatment of neutrinos,24.06667,Wilkes,-2.36041759569981
23,C,23,0.3505804243,0.5757530757,-1.263260102,0.02227155425,0.7033906311,0.9590921315,0.06,0.04501501168,Verification run - naive treatment of neutrinos,16.51667,Wilkes,-1.6395992601811789
24,C,24,0.2295542199,0.8767329773,-1.340042085,0.02249959754,0.7101947173,0.9592768741,0.06,0.0446087316,Verification run - naive treatment of neutrinos,22.16667,Wilkes,-1.1392273851917962
25,C,25,0.3141533282,0.5079522608,-0.8789226319,0.02230217789,0.688414002,0.9594569033,0.06,0.0470595625,Verification run - naive treatment of neutrinos,15.13333,Wilkes,-1.9343158868369161
26,C,26,0.2758240605,0.6808148351,-0.5985734725,0.02224458557,0.7127528188,0.9596325938,0.06,0.04378712509,Verification run - naive treatment of neutrinos,19.7,Wilkes,0.2631056136992278
27,C,27,0.3690310176,0.7953104658,-1.086340544,0.02235979073,0.6645172356,0.9598042803,0.06,0.05063551542,Verification run - naive treatment of neutrinos,21.98333,Wilkes,-2.226822442842022
28,C,28,0.2553389559,0.6400686698,-1.198433025,0.02200694152,0.6493541564,0.9599722631,0.06,0.05219109877,Verification run - naive treatment of neutrinos,16.71667,Wilkes,-2.482123695291199
29,C,29,0.3365826448,0.7772925905,-0.7605040457,0.02233320062,0.7138075373,0.9601368134,0.06,0.0438317397,Verification run - naive treatment of neutrinos,22.03333,Wilkes,-2.6333409938202563
30,C,30,0.1788605317,1.225146528,-0.9834521659,0.02204645402,0.709694256,0.9602981765,0.06,0.04377197741,Verification run - naive treatment of neutrinos,29.25,Wilkes,-0.6057279453403472
31,C,31,0.2947406225,0.7170744812,-1.618106256,0.02263478962,0.6823833121,0.9604565755,0.06,0.04860933362,Verification run - naive treatment of neutrinos,18.08333,Wilkes,0.4189676174960053
32,C,32,0.2525263013,0.8741584351,-1.557898515,0.02225659079,0.7220166879,0.9606122141,0.06,0.04269373696,Verification run - naive treatment of neutrinos,22.46667,Wilkes,-0.5935150332251475
33,C,33,0.33347137,0.536162291,-0.970680478,0.02231173075,0.7005324857,0.9607652786,0.06,0.04546494826,Verification run - naive treatment of neutrinos,15.68333,Wilkes,0.727953444543934
34,C,34,0.1618997036,0.9383872502,-0.743703918,0.02242513864,0.7067486144,0.9609159403,0.06,0.04489574733,Verification run - naive treatment of neutrinos,24.86667,Wilkes,-0.10087455563191972
35,C,35,0.2923887201,0.9330952887,-1.183420296,0.02251745794,0.7182794723,0.9610643571,0.06,0.04364479424,Verification run - naive treatment of neutrinos,24.48333,Wilkes,0.4422052695731695
36,C,36,0.2255180857,0.7267666525,-1.07322879,0.02242203186,0.70005497,0.9612106749,0.06,0.04575206273,Verification run - naive treatment of neutrinos,18.86667,Wilkes,0.7173512063012653
37,C,37,0.3116283426,0.8434256234,-0.5708951358,0.02229565541,0.6900570496,0.9613550291,0.06,0.04682203115,Verification run - naive treatment of neutrinos,24.65,Wilkes,-0.8152559636705878
38,C,38,0.2733977988,1.037560971,-0.8652072698,0.02242826925,0.7062651288,0.9614975456,0.06,0.04496351279,Verification run - naive treatment of neutrinos,27.15,Wilkes,0.7506918350710277
39,C,39,0.3637521779,0.6774227492,-1.31926545,0.02257556935,0.6872836108,0.9616383416,0.06,0.04779326897,Verification run - naive treatment of neutrinos,18.06667,Wilkes,-1.0200482396847028
40,C,40,0.2052158024,1.075737014,-1.246198337,0.02211805082,0.6961894348,0.961777527,0.06,0.04563436326,Verification run - naive treatment of neutrinos,25.3,Wilkes,-1.90490727004005
41,C,41,0.3018552007,0.6581953574,-0.8076704618,0.0223361972,0.7010093689,0.9619152047,0.06,0.04545289928,Verification run - naive treatment of neutrinos,18.01667,Wilkes,-1.1928851701009573
42,C,42,0.2633675322,0.5649237484,-0.408533608,0.02224867334,0.689515773,0.9620514713,0.06,0.04679675177,Verification run - naive treatment of neutrinos,17.91667,Wilkes,-0.3398443064018788
43,C,43,0.3467927489,0.7198118942,-1.021696431,0.02226420418,0.7295910632,0.962186418,0.06,0.04182617641,Verification run - naive treatment of neutrinos,20.48333,Wilkes,-1.6764362781317814
44,C,44,0.2829816953,0.7391048609,-1.126584711,0.02253770039,0.6911223884,0.9623201309,0.06,0.04718453478,Verification run - naive treatment of neutrinos,18.76667,Wilkes,0.6138160272329563
45,C,45,0.390442879,0.8367082599,-0.6684949687,0.02225267293,0.7122328243,0.9624526915,0.06,0.04386702831,Verification run - naive treatment of neutrinos,24.88333,Wilkes,-1.9717032988938628
46,C,46,0.2402896668,0.9279566831,-0.918964167,0.02261072729,0.7091969027,0.9625841773,0.06,0.04495529703,Verification run - naive treatment of neutrinos,24.58333,Wilkes,-1.6406866495587207
47,C,47,0.3220159086,0.5778198478,-1.41225175,0.02226790986,0.6986167786,0.9627146619,0.06,0.04562484803,Verification run - naive treatment of neutrinos,16.3,Wilkes,-1.9645864054282907
48,C,48,0.2466338317,0.7117197751,-1.4738187,0.02250388395,0.6916471812,0.9628442156,0.06,0.04704226857,Verification run - naive treatment of neutrinos,17.76667,Wilkes,-1.578214080222856
49,C,49,0.3275721536,0.8369077726,-0.9449880926,0.02239193809,0.7213634212,0.9629729056,0.06,0.04303119946,Verification run - naive treatment of neutrinos,23.36667,Wilkes,-2.979910665131473
50,C,50,0.2876923093,0.7760108974,-0.7079606792,0.02238020927,0.6796138449,0.9631007964,0.06,0.04845512385,Verification run - naive treatment of neutrinos,22.36667,Wilkes,-0.4855818236012852
51,C,51,0.4189025619,0.4316218251,-1.154440382,0.0224038028,0.6966788753,0.9632279501,0.06,0.04615900699,Verification run - naive treatment of neutrinos,12.98333,Wilkes,-1.8704691702995269
52,C,52,0.2684580376,0.9911351325,-1.047321029,0.02210521038,0.7053026964,0.9633544261,0.06,0.04443688055,Verification run - naive treatment of neutrinos,25.23333,Wilkes,-2.727649242048217
53,C,53,0.3546263494,0.6471989668,-0.5043031599,0.02229234147,0.680332288,0.9634802822,0.06,0.04816299898,Verification run - naive treatment of neutrinos,19.5,Wilkes,-0.5326840909744779
54,C,54,0.2164198671,0.6855094599,-0.837046702,0.02230857455,0.7194799841,0.9636055742,0.06,0.04309574454,Verification run - naive treatment of neutrinos,18.81667,Wilkes,-2.2946947188751863
55,C,55,0.3066863448,0.8072434393,-1.281041267,0.02217164519,0.6905924627,0.9637303563,0.06,0.04648943327,Verification run - naive treatment of neutrinos,21.31667,Wilkes,-1.7824464511216416
56,C,56,0.2782273516,0.5687034177,-1.362231601,0.02231796814,0.7255245657,0.9638546812,0.06,0.04239849193,Verification run - naive treatment of neutrinos,15.61667,Wilkes,-1.2364527564955279
57,C,57,0.3750045055,0.704746059,-0.8924359417,0.02251280346,0.7415187902,0.9639786002,0.06,0.0409435277,Verification run - naive treatment of neutrinos,20.51667,Wilkes,-2.3991906357491968
58,C,58,0.23333385,1.026454571,-0.62373033,0.02220763829,0.7038675143,0.9641021638,0.06,0.04482502413,Verification run - naive treatment of neutrinos,27.23333,Wilkes,-2.12828454765826
59,C,59,0.3167218473,0.6568351747,-1.09958732,0.02258329354,0.6628812098,0.9642254212,0.06,0.05139440735,Verification run - naive treatment of neutrinos,17.28333,Wilkes,-1.102667538665822
60,C,60,0.1898843636,1.062059096,-1.213859601,0.02243782211,0.6981348712,0.9643484208,0.06,0.04603647244,Verification run - naive treatment of neutrinos,25.7,Wilkes,-1.0945245796752325
61,C,61,0.2970998344,0.6175771656,-0.7767166591,0.02209007227,0.6729520207,0.9644712106,0.06,0.04877855532,Verification run - naive treatment of neutrinos,17.16667,Wilkes,-1.979070584721999
62,C,62,0.2580774079,0.7891276235,-0.996199598,0.02246485857,0.7154317673,0.9645938377,0.06,0.04389016851,Verification run - naive treatment of neutrinos,20.88333,Wilkes,-1.8097389274078077
63,C,63,0.3398245441,0.9133949132,-1.709898804,0.02245101082,0.7029141987,0.9647163489,0.06,0.04543926178,Verification run - naive treatment of neutrinos,23.13333,Wilkes,-1.8837315207449334
64,C,64,0.2746140748,0.7613267419,-1.65781429,0.02216443065,0.7200959803,0.9648387907,0.06,0.04274406353,Verification run - naive treatment of neutrinos,18.56667,Wilkes,-1.9576831500348097
65,C,65,0.3663177575,0.8757041214,-0.9898277417,0.02245440407,0.7262847965,0.9649612093,0.06,0.04256842947,Verification run - naive treatment of neutrinos,24.23333,Wilkes,-1.068953628802737
66,C,66,0.2275714675,0.9659687519,-0.7686787621,0.02254326041,0.7357763264,0.9650836511,0.06,0.04164137938,Verification run - naive treatment of neutrinos,26.15,Wilkes,-2.1520838545939576
67,C,67,0.3128857686,0.5979338933,-1.206091131,0.02234806191,0.6660006303,0.9652061623,0.06,0.05038376125,Verification run - naive treatment of neutrinos,16.6,Wilkes,-1.0174776133078374
68,C,68,0.1715537635,1.191912841,-1.092945582,0.02238313284,0.6810324018,0.9653287894,0.06,0.04825977826,Verification run - naive treatment of neutrinos,27.68333,Wilkes,-2.0149546966770497
69,C,69,0.2935639868,0.6785650309,-0.611428564,0.02230539091,0.6937014628,0.9654515792,0.06,0.04635158806,Verification run - naive treatment of neutrinos,19.38333,Wilkes,0.353930609867779
70,C,70,0.2539425342,0.5903679481,-0.8857027697,0.02256157204,0.6889682327,0.9655745788,0.06,0.04753034444,Verification run - naive treatment of neutrinos,17.0,Wilkes,-2.2794776396198597
71,C,71,0.3350118768,0.7423046069,-1.350942435,0.02246844575,0.6686236736,0.9656978362,0.06,0.05025850114,Verification run - naive treatment of neutrinos,19.56667,Wilkes,0.4486251660369458
72,C,72,0.2419256883,0.643707613,-1.272053908,0.02241283818,0.7106985372,0.9658213998,0.06,0.04437373775,Verification run - naive treatment of neutrinos,16.83333,Wilkes,-2.28680222061925
73,C,73,0.3233776263,0.7827111443,-0.8298291646,0.02248340921,0.6739008002,0.9659453188,0.06,0.04950741161,Verification run - naive treatment of neutrinos,21.96667,Wilkes,0.0021253277489763356
74,C,74,0.2841622725,0.9590957022,-0.4841663087,0.02237728958,0.70434503,0.9660696437,0.06,0.04510623446,Verification run - naive treatment of neutrinos,27.55,Wilkes,-0.5555183846777392
75,C,75,0.3955632015,0.609692927,-1.040894555,0.02273305848,0.6995766379,0.9661944258,0.06,0.04645016631,Verification run - naive treatment of neutrinos,17.38333,Wilkes,-2.1633798602855707
76,C,76,0.2646567883,0.8053557959,-1.14738243,0.02228215893,0.661048301,0.9663197178,0.06,0.05099068906,Verification run - naive treatment of neutrinos,21.13333,Wilkes,0.03948968449598089
77,C,77,0.3486573643,0.4684874252,-0.6984919105,0.02228898918,0.6867064344,0.9664455739,0.06,0.04726592266,Verification run - naive treatment of neutrinos,14.08333,Wilkes,-2.00295772186035
78,C,78,0.2082888565,0.7699412518,-0.9385196332,0.02222719654,0.7247861551,0.9665720499,0.06,0.0423121323,Verification run - naive treatment of neutrinos,19.81667,Wilkes,-2.657713072053768
79,C,79,0.3030545866,0.866370515,-1.456938321,0.02241894725,0.6926826892,0.9666992036,0.06,0.04672470266,Verification run - naive treatment of neutrinos,22.85,Wilkes,-0.5277731107276362
80,C,80,0.2188490313,0.968148723,-1.398897528,0.02259162879,0.6931940227,0.9668270944,0.06,0.04701516071,Verification run - naive treatment of neutrinos,23.41667,Wilkes,-0.8521266758706578
81,C,81,0.3079099772,0.5869046212,-0.9123865727,0.02248732707,0.6709099008,0.9669557844,0.06,0.04995850512,Verification run - naive treatment of neutrinos,16.61667,Wilkes,-0.46189315513889717
82,C,82,0.2697054094,0.7533506632,-0.6578812721,0.02240081966,0.694705744,0.9670853381,0.06,0.04641540351,Verification run - naive treatment of neutrinos,21.51667,Wilkes,-2.302503565234447
83,C,83,0.3567639025,0.8713731327,-1.119764129,0.02212927271,0.7278794548,0.9672158227,0.06,0.04176843649,Verification run - naive treatment of neutrinos,23.98333,Wilkes,-2.00734204057419
84,C,84,0.2888666136,0.5345963977,-1.015316148,0.02214837121,0.7383993697,0.9673473085,0.06,0.04062179958,Verification run - naive treatment of neutrinos,15.7,Wilkes,-0.2607080614424033
85,C,85,0.4344330726,0.6402132244,-0.3748933134,0.02264992773,0.7143429504,0.9674798691,0.06,0.0443867446,Verification run - naive treatment of neutrinos,20.81667,Wilkes,-2.67651341499637
86,C,86,0.2481443321,0.9740621726,-0.8000962606,0.02223611605,0.727068955,0.967613582,0.06,0.04206372501,Verification run - naive treatment of neutrinos,25.41667,Wilkes,0.5002944030245047
87,C,87,0.3290110962,0.626911901,-1.237906098,0.02252225891,0.677331045,0.9677485287,0.06,0.0490919161,Verification run - naive treatment of neutrinos,16.86667,Wilkes,-1.2852224738400326
88,C,88,0.2594217453,1.060122716,-1.309329267,0.02227867517,0.7171163892,0.9678847953,0.06,0.04332215632,Verification run - naive treatment of neutrinos,25.83333,Wilkes,-0.5264232184104887
89,C,89,0.3415011094,0.6958624926,-0.8582645243,0.02237145736,0.6921671757,0.968022473,0.06,0.04669520393,Verification run - naive treatment of neutrinos,18.9,Wilkes,-1.7475779832595206
90,C,90,0.1943254712,0.7781421874,-0.5558742166,0.02255515985,0.7304991998,0.9681616584,0.06,0.04226748626,Verification run - naive treatment of neutrinos,22.9,Wilkes,-2.2841485788285296
91,C,91,0.2982833406,0.8583889874,-1.066716417,0.02232716182,0.7207235035,0.9683024544,0.06,0.0429829432,Verification run - naive treatment of neutrinos,23.18333,Wilkes,-2.9611514888181896
92,C,92,0.2351416648,0.7745807633,-1.176053049,0.02220229961,0.6781152035,0.9684449709,0.06,0.04828263862,Verification run - naive treatment of neutrinos,18.5,Wilkes,-2.159828166206188
93,C,93,0.3180244079,0.8907884444,-0.7350559915,0.02254906926,0.6429004489,0.9685893251,0.06,0.05455582939,Verification run - naive treatment of neutrinos,24.63333,Wilkes,0.4800027150866084
94,C,94,0.2794217118,0.827368379,-0.9642796321,0.02253236171,0.7479215295,0.9687356429,0.06,0.04028048068,Verification run - naive treatment of neutrinos,22.25,Wilkes,0.8913192095902347
95,C,95,0.3783359458,0.4995080445,-1.533573424,0.02222254206,0.7314479793,0.9688840597,0.06,0.04153620823,Verification run - naive treatment of neutrinos,14.6,Wilkes,-1.2328306272355904
96,C,96,0.2233862635,1.111199924,-1.585619346,0.02256835481,0.6990973036,0.9690347214,0.06,0.04617688647,Verification run - naive treatment of neutrinos,25.95,Wilkes,-1.4850020207629866
97,C,97,0.3103803456,0.7091976865,-0.97707053,0.02221774109,0.743351699,0.9691877859,0.06,0.04020788459,Verification run - naive treatment of neutrinos,18.85,Wilkes,-1.8962116749273994
98,C,98,0.2721746612,0.6327293315,-0.7521826779,0.0223241168,0.697166122,0.9693434245,0.06,0.04593055956,Verification run - naive treatment of neutrinos,17.9,Wilkes,0.8644164369377672
99,C,99,0.3613147917,0.7600294106,-1.190878258,0.02219673959,0.7334900992,0.9695018235,0.06,0.04125728783,Verification run - naive treatment of neutrinos,20.96667,Wilkes,-2.767189578936624
100,C,100,0.2510888744,0.7257034888,-1.079769238,0.02218484015,0.714884227,0.9696631866,0.06,0.04340950901,Verification run - naive treatment of neutrinos,18.58333,Wilkes,-1.3650644045525806
101,C,101,0.331959002,0.8494625251,-0.5850918882,0.0221392892,0.7117173108,0.9698277369,0.06,0.04370676019,Verification run - naive treatment of neutrinos,24.33333,Wilkes,-2.325484621886056
102,C,102,0.1469930952,1.110620482,-0.8720920219,0.02223171742,0.715985998,0.9699957197,0.06,0.04336745687,Verification run - naive treatment of neutrinos,27.48333,Wilkes,-2.0394237663932486
103,C,103,0.2912143694,0.5419760774,-1.329493743,0.02233018929,0.6817156426,0.9701674062,0.06,0.04804916951,Verification run - naive treatment of neutrinos,14.8,Wilkes,0.12003142533684752
104,C,104,0.2817983944,0.8907631632,-1.254645817,0.02252722115,0.7057832214,0.9703430967,0.06,0.04522358252,Verification run - naive treatment of neutrinos,23.06667,Wilkes,-2.1849296153775506
105,C,105,0.3859643417,0.5589116358,-0.8151466315,0.02247209014,0.7287190792,0.9705231259,0.06,0.04231781033,Verification run - naive treatment of neutrinos,16.68333,Wilkes,-0.7917961809535132
106,C,106,0.2386158229,0.8403213024,-0.4370454911,0.0223889961,0.7087024165,0.9707078685,0.06,0.04457658493,Verification run - naive treatment of neutrinos,25.28333,Wilkes,-1.5320234317933301
107,C,107,0.3206704864,0.9626057468,-1.028084673,0.0224158832,0.7024380363,0.9708977455,0.06,0.04542969434,Verification run - naive treatment of neutrinos,25.06667,Wilkes,-0.9708731144305727
108,C,108,0.2019026818,0.6942924888,-1.133458712,0.0226007108,0.6843040197,0.9710932334,0.06,0.04826406708,Verification run - naive treatment of neutrinos,18.0,Wilkes,-1.6662488132148567
109,C,109,0.3006605338,0.8046637795,-0.6787827802,0.02239784866,0.6830365788,0.9712948741,0.06,0.04800852705,Verification run - naive treatment of neutrinos,22.76667,Wilkes,-1.8691133035684864
110,C,110,0.2620658594,0.9899380303,-0.9255103549,0.02234511146,0.7345979518,0.9715032884,0.06,0.04140788982,Verification run - naive treatment of neutrinos,25.9,Wilkes,-1.8726787947791719
111,C,111,0.344981431,0.6461936598,-1.426302603,0.02237437265,0.7550458436,0.9717191918,0.06,0.0392467975,Verification run - naive treatment of neutrinos,17.55,Wilkes,-2.658474831514849
112,C,112,0.2672012842,0.6553662789,-1.492010088,0.02207139193,0.6589510281,0.9719434163,0.06,0.05083039013,Verification run - naive treatment of neutrinos,16.75,Wilkes,-1.072745376877259
113,C,113,0.3525678214,0.7827834231,-0.9514359003,0.02240981071,0.6976513856,0.9721769371,0.06,0.04604275118,Verification run - naive treatment of neutrinos,22.01667,Wilkes,0.5333715780582171
114,C,114,0.2138637087,1.156721892,-0.7171994629,0.02236854264,0.7077211247,0.972420909,0.06,0.04465945014,Verification run - naive treatment of neutrinos,30.11667,Wilkes,0.7889110640400849
115,C,115,0.305469614,0.7288123302,-1.16156827,0.02240679938,0.6698020482,0.9726767137,0.06,0.04994440955,Verification run - naive treatment of neutrinos,18.7,Wilkes,-2.890465112291525
116,C,116,0.2450953318,0.8756196607,-1.053765141,0.0223539386,0.7048233621,0.9729460255,0.06,0.04499802701,Verification run - naive treatment of neutrinos,22.6,Wilkes,0.6710089780102262
117,C,117,0.3261545044,0.5295443784,-0.5227778982,0.02217842796,0.7324427754,0.9732309019,0.06,0.04134122682,Verification run - naive treatment of neutrinos,17.15,Wilkes,-2.5139018820583616
118,C,118,0.2865171204,0.6943076971,-0.844188632,0.02249132666,0.7398827644,0.9735339125,0.06,0.04108556392,Verification run - naive treatment of neutrinos,18.63333,Wilkes,-0.008608960856764991
119,C,119,0.4090198914,0.7786533382,-1.290237732,0.02266860807,0.7132776116,0.9738583285,0.06,0.04455615116,Verification run - naive treatment of neutrinos,22.08333,Wilkes,0.5860829681987796
120,C,120,0.1848153001,0.9010368943,-1.373952312,0.02243460909,0.6719572246,0.9742084093,0.06,0.04968613916,Verification run - naive treatment of neutrinos,21.95,Wilkes,-2.328280800251375
121,C,121,0.2959190845,0.9482389703,-0.899125505,0.02232105275,0.7509726513,0.9745898537,0.06,0.0395791471,Verification run - naive treatment of neutrinos,24.93333,Wilkes,-1.6741471229327543
122,C,122,0.2567168492,0.8861673635,-0.6355398918,0.02235686716,0.6756809208,0.9750105461,0.06,0.04896972154,Verification run - naive treatment of neutrinos,24.75,Wilkes,-1.4873734975367898
123,C,123,0.3381860082,0.5522919858,-1.106268837,0.02262194918,0.7614995511,0.9754818655,0.06,0.03901132661,Verification run - naive treatment of neutrinos,15.85,Wilkes,-1.612604169303236
124,C,124,0.2770283078,0.9139804701,-1.221746008,0.02221277885,0.6855252769,0.9760211642,0.06,0.04726677233,Verification run - naive treatment of neutrinos,23.18333,Wilkes,-0.9349771955385493
125,C,125,0.3719162845,0.5829490868,-0.7846267666,0.02247579582,0.6878526246,0.9766569647,0.06,0.0475033547,Verification run - naive treatment of neutrinos,17.11667,Wilkes,-2.9640238905146785
126,C,126,0.2314730686,0.5862373066,-1.002570066,0.02244765853,0.7176935656,0.9774415389,0.06,0.0435805736,Verification run - naive treatment of neutrinos,16.3,Wilkes,-1.3092871820704661
127,C,127,0.3154317614,0.7445136703,-1.788894721,0.02228559593,0.6564784705,0.9784889312,0.06,0.05171104049,Verification run - naive treatment of neutrinos,18.33333,Wilkes,0.5106309180464672
128,C,128,0.2640136601,0.9423019225,-1.744214496,0.02215670646,0.6836764965,0.980148456,0.06,0.04740279004,Verification run - naive treatment of neutrinos,23.05,Wilkes,-2.650379388590107
129,E,1,0.3477180886,0.6080900356,-0.99938486,0.0221954822,0.6876631778,0.9511295055,0.06,0.04693675324,Verification run - naive treatment of neutrinos,16.55,Wilkes,-1.0636607301678525
130,E,2,0.2067796166,0.6289863329,-0.7806871509,0.02242636151,0.7483405217,0.9530352944,0.06,0.04004610612,Verification run - naive treatment of neutrinos,17.75,Wilkes,-1.0750890906378792
131,E,3,0.3226946624,0.914161634,-0.6296932125,0.02245900095,0.7257159479,0.9542353191,0.06,0.042643918,Verification run - naive treatment of neutrinos,25.56667,Wilkes,0.13028596127946068
132,E,4,0.283572295,0.848674009,-0.89578597,0.02235548715,0.6887773079,0.9551397628,0.06,0.04712229966,Verification run - naive treatment of neutrinos,22.03333,Wilkes,0.8582383005535634
133,E,5,0.2929762107,0.5654199435,-0.8406268125,0.02251397519,0.7190622439,0.9558786207,0.06,0.04354308667,Verification run - naive treatment of neutrinos,16.26667,Wilkes,-0.17161423345782723
134,E,6,0.2532369781,0.7444304339,-0.5137272333,0.02221654995,0.7202831333,0.9565107849,0.06,0.04282231356,Verification run - naive treatment of neutrinos,21.53333,Wilkes,-1.9050531163380149
135,E,7,0.3650178226,0.7742978306,-0.7126076684,0.02239621528,0.6979181717,0.9570682032,0.06,0.04597964575,Verification run - naive treatment of neutrinos,22.35,Wilkes,-0.3195467981205673
136,E,8,0.2265540654,1.131756158,-0.9482144186,0.02233192028,0.6815277252,0.9575702523,0.06,0.04807939706,Verification run - naive treatment of neutrinos,27.46667,Wilkes,-1.6098607890070462
137,E,9,0.317371515,0.7609505261,-0.9222410098,0.02265249299,0.6969533465,0.9580296206,0.06,0.04663463578,Verification run - naive treatment of neutrinos,21.05,Wilkes,0.07251134421963767
138,E,10,0.2788250852,0.9329062557,-0.6736777301,0.02223495743,0.6607262411,0.958455098,0.06,0.05093228862,Verification run - naive treatment of neutrinos,25.71667,Wilkes,-0.2969143349900554
139,E,11,0.3406578824,0.5711826231,-0.4233167113,0.0226023866,0.7401564779,0.958853042,0.06,0.04125790866,Verification run - naive treatment of neutrinos,18.88333,Wilkes,0.9101281121090383
140,E,12,0.1921718964,0.9078998126,-0.8114204048,0.02225152645,0.6642435221,0.959228212,0.06,0.05043187946,Verification run - naive treatment of neutrinos,23.46667,Wilkes,0.46683915837848433
141,E,13,0.4255440022,0.7295559373,-0.8686566499,0.02255647135,0.7055236007,0.9595842722,0.06,0.04531563491,Verification run - naive treatment of neutrinos,21.65,Wilkes,-2.815567941416216
142,E,14,0.2473924575,0.8310577417,-0.5780891759,0.02236710177,0.7017266227,0.959924111,0.06,0.04542279005,Verification run - naive treatment of neutrinos,24.01667,Wilkes,-1.8387051476494718
143,E,15,0.3072972617,0.6899720235,-0.747963682,0.02240807972,0.7289181421,0.9602500514,0.06,0.04217422608,Verification run - naive treatment of neutrinos,19.13333,Wilkes,0.44956439075632026
144,E,16,0.2690828536,0.6081376579,-0.9738767041,0.02238451285,0.6949973632,0.9605639944,0.06,0.04634270008,Verification run - naive treatment of neutrinos,16.86667,Wilkes,-0.5966086638369386
145,E,17,0.300064811,0.9071193996,-0.9610744108,0.02248071306,0.7064818283,0.9608675201,0.06,0.04504100694,Verification run - naive treatment of neutrinos,24.43333,Wilkes,-1.6229681660596365
146,E,18,0.261410098,0.8459731436,-0.7306645929,0.02230098536,0.6717430126,0.96116196,0.06,0.0494217065,Verification run - naive treatment of neutrinos,22.98333,Wilkes,-2.7775896928442183
147,E,19,0.3839122238,0.648554562,-0.5480134449,0.02250504257,0.6754818579,0.9614484506,0.06,0.04932333802,Verification run - naive treatment of neutrinos,18.01667,Wilkes,0.05149067992839251
148,E,20,0.2377637448,0.6925552604,-0.8547701467,0.02247323823,0.7167368222,0.9617279733,0.06,0.04374679307,Verification run - naive treatment of neutrinos,18.96667,Wilkes,-2.993924849043781
149,E,21,0.331212758,0.7248969386,-0.7962703473,0.02204213108,0.7094026368,0.962001385,0.06,0.04379938213,Verification run - naive treatment of neutrinos,20.81667,Wilkes,-2.628625843043456
150,E,22,0.1340535038,1.311069822,-0.3553641202,0.02237289823,0.7372831418,0.9622694416,0.06,0.04115794093,Verification run - naive treatment of neutrinos. Splinter job number was 139992.,192.55,Splinter,0.9740166392225604
151,E,23,0.3097596716,0.5750395447,-0.6524421447,0.02252345005,0.6940026772,0.9625328168,0.06,0.04676410458,Verification run - naive treatment of neutrinos,17.58333,Wilkes,0.10405230891475448
152,E,24,0.2715603352,0.741457436,-0.9090850988,0.02245217975,0.7134723916,0.962792117,0.06,0.04410665937,Verification run - naive treatment of neutrinos,19.61667,Wilkes,0.47308345170499067
153,E,25,0.3704503972,0.4784356615,-0.9352768537,0.02239034858,0.7215506793,0.9630478934,0.06,0.04300581428,Verification run - naive treatment of neutrinos,14.8,Wilkes,-1.0913669936530868
154,E,26,0.2305212486,0.7552851768,-0.6936651889,0.02233787763,0.6841168667,0.9633006517,0.06,0.0477288875,Verification run - naive treatment of neutrinos,20.55,Wilkes,-2.3246054383107
155,E,27,0.2953295965,0.8388438228,-0.473349896,0.02240212237,0.7436737589,0.9635508605,0.06,0.04050645628,Verification run - naive treatment of neutrinos,25.36667,Wilkes,-0.8640907154193376
156,E,28,0.256030142,1.035594793,-0.826190469,0.02243901464,0.7084196879,0.9637989584,0.06,0.04471183947,Verification run - naive treatment of neutrinos,26.71667,Wilkes,-1.2966724926937898
157,E,29,0.3254532263,0.6635761775,-0.882318787,0.02218352865,0.7307045745,0.9640453598,0.06,0.04154769898,Verification run - naive treatment of neutrinos,18.46667,Wilkes,-2.347881613579271
158,E,30,0.2859290527,0.5812289979,-0.6050744393,0.02231363849,0.677136492,0.9642904603,0.06,0.04866513743,Verification run - naive treatment of neutrinos,17.73333,Wilkes,-2.3364897151971418
159,E,31,0.3515656793,0.9171478981,-0.7646091008,0.02244552444,0.7348247253,0.9645346413,0.06,0.04156829728,Verification run - naive treatment of neutrinos,25.63333,Wilkes,-1.9673993266967131
160,E,32,0.2125321737,1.023495818,-0.9866405647,0.02231981231,0.6959803121,0.9647782744,0.06,0.04607831924,Verification run - naive treatment of neutrinos,25.43333,Wilkes,0.7723662794630743
161,E,33,0.3213412276,0.6069814856,-0.993013989,0.02237869902,0.7114057126,0.9650217256,0.06,0.04421810624,Verification run - naive treatment of neutrinos,17.25,Wilkes,0.9472277673904856
162,E,34,0.2823904149,0.7670389464,-0.772714231,0.02234378472,0.6988763993,0.9652653587,0.06,0.04574630158,Verification run - naive treatment of neutrinos,21.6,Wilkes,-0.18533434055793752
163,E,35,0.3458807239,0.7452873074,-0.6176445438,0.02248847355,0.7045704322,0.9655095397,0.06,0.04530135061,Verification run - naive treatment of neutrinos,21.91667,Wilkes,-0.10737034651619037
164,E,36,0.203592173,1.115769184,-0.8890750133,0.02222602481,0.6909276084,0.9657546402,0.06,0.04655825571,Verification run - naive treatment of neutrinos,27.13333,Wilkes,-0.07000877103132819
165,E,37,0.3625185257,0.6514038164,-0.8334476943,0.02211607903,0.6695752747,0.9660010416,0.06,0.0493297957,Verification run - naive treatment of neutrinos,17.8,Wilkes,-0.9304179259417791
166,E,38,0.2244625166,0.6897450213,-0.4944653207,0.02208750701,0.6828493207,0.9662491395,0.06,0.04736929672,Verification run - naive treatment of neutrinos,19.63333,Wilkes,-2.29029476697853
167,E,39,0.2918014585,0.9001837996,-0.7032562266,0.02228099905,0.7178818663,0.9664993483,0.06,0.04323432607,Verification run - naive treatment of neutrinos,24.91667,Wilkes,0.5105848277102774
168,E,40,0.2518103278,0.842818929,-0.9417566045,0.02226676177,0.7074466535,0.9667521066,0.06,0.04449074413,Verification run - naive treatment of neutrinos,22.4,Wilkes,0.5215614229983565
169,E,41,0.3390007081,0.8800491589,-0.9156794741,0.02230736766,0.6919700506,0.967007883,0.06,0.04658796378,Verification run - naive treatment of neutrinos,24.0,Wilkes,-0.16186178884167202
170,E,42,0.1874412961,1.030319711,-0.6632308007,0.02220641954,0.7156226921,0.9672671832,0.06,0.04336210271,Verification run - naive treatment of neutrinos,26.15,Wilkes,0.7337152286283457
171,E,43,0.3160752974,0.6268608132,-0.3924863051,0.02225928694,0.7036208395,0.9675305584,0.06,0.04496078243,Verification run - naive treatment of neutrinos,19.15,Wilkes,0.9199926415976947
172,E,44,0.2776284473,0.5276055127,-0.803896018,0.0221376134,0.7145356592,0.967798615,0.06,0.04335937208,Verification run - naive treatment of neutrinos,16.06667,Wilkes,-0.9860968714715455
173,E,45,0.3060771529,0.8347230382,-0.8617433945,0.02241409778,0.7007791605,0.9680720267,0.06,0.04564139451,Verification run - naive treatment of neutrinos,22.91667,Wilkes,0.030278027833977372
174,E,46,0.2678308767,1.026489228,-0.5634954728,0.02229447556,0.6560594783,0.9683515494,0.06,0.05179774248,Verification run - naive treatment of neutrinos,27.48333,Wilkes,-0.533525906243796
175,E,47,0.4135435603,0.4645538347,-0.7394018807,0.02242018769,0.6736954255,0.96863804,0.06,0.04939830498,Verification run - naive treatment of neutrinos,14.75,Wilkes,-2.5404437271579026
176,E,48,0.2458682089,0.7434822045,-0.9674815539,0.02249656495,0.7228722748,0.9689324799,0.06,0.04305197443,Verification run - naive treatment of neutrinos,19.46667,Wilkes,-1.7360460795054777
177,E,49,0.3984412053,0.7128612201,-0.9802622523,0.02262392097,0.7103973228,0.9692360056,0.06,0.04482963914,Verification run - naive treatment of neutrinos,20.73333,Wilkes,-2.7290644098804098
178,E,50,0.2427304132,1.049329024,-0.7563623418,0.02224343505,0.6865181337,0.9695499486,0.06,0.04719519989,Verification run - naive treatment of neutrinos,27.23333,Wilkes,0.5474847124449069
179,E,51,0.3036562114,0.514255614,-0.5919161222,0.02269786892,0.6486480769,0.969875889,0.06,0.0539469398,Verification run - naive treatment of neutrinos,16.08333,Wilkes,-2.9117184045003235
180,E,52,0.2652970179,0.6922072868,-0.8755138613,0.02215520525,0.727263508,0.9702157278,0.06,0.04188824692,Verification run - naive treatment of neutrinos,19.11667,Wilkes,-0.8508531863823787
181,E,53,0.3135182363,0.9575833229,-0.8188498999,0.02253358046,0.6801430465,0.970571788,0.06,0.04871129544,Verification run - naive treatment of neutrinos,25.26667,Wilkes,-2.289551574037078
182,E,54,0.275219819,0.8878864405,-0.4498807813,0.02246601143,0.7026733773,0.970946958,0.06,0.04550079414,Verification run - naive treatment of neutrinos,26.35,Wilkes,-2.4120203625413734
183,E,55,0.3357933375,0.6430571997,-0.6838135778,0.02232590222,0.6786840521,0.971344902,0.06,0.04847007928,Verification run - naive treatment of neutrinos,18.4,Wilkes,-2.336622079740601
184,E,56,0.175419273,0.7249621982,-0.9287725499,0.02217025678,0.7557519231,0.9717703794,0.06,0.03881612711,Verification run - naive treatment of neutrinos,19.3,Wilkes,0.5078159156356032
185,E,57,0.2988762757,0.7525954601,-0.9546528524,0.02243263234,0.7124299494,0.9722297477,0.06,0.04419731658,Verification run - naive treatment of neutrinos,20.8,Wilkes,-1.022119497683767
186,E,58,0.2600881593,0.6829057403,-0.7217382097,0.02236130098,0.6898643408,0.9727317968,0.06,0.04698612976,Verification run - naive treatment of neutrinos,19.45,Wilkes,-1.6363980186634421
187,E,59,0.3801089993,0.8237867325,-0.5314898074,0.02227398857,0.6998295678,0.9732892151,0.06,0.04547926293,Verification run - naive treatment of neutrinos,24.65,Wilkes,0.9968393035269574
188,E,60,0.2360271329,0.9101739945,-0.8477327489,0.02256974322,0.7326569874,0.9739213793,0.06,0.04204605231,Verification run - naive treatment of neutrinos,24.7,Wilkes,-0.816100416993605
189,E,61,0.3578651432,0.5536337414,-0.9024549453,0.02258479475,0.6853377561,0.9746602372,0.06,0.0480846912,Verification run - naive treatment of neutrinos,16.23333,Wilkes,-1.7866754975784893
190,E,62,0.2200209955,0.8443875561,-0.6412765424,0.02228782025,0.7242569535,0.9755646809,0.06,0.04248956154,Verification run - naive treatment of neutrinos,24.0,Wilkes,-1.5173931966413883
191,E,63,0.3297390175,0.7432008693,-0.7885365247,0.02234965142,0.6671168582,0.9767647056,0.06,0.05021886848,Verification run - naive treatment of neutrinos,21.06667,Wilkes,-0.2165324877868704
192,E,64,0.2894535748,0.9116653061,-1.005755506,0.0225445178,0.6929942874,0.9786704945,0.06,0.04694416748,Verification run - naive treatment of neutrinos,23.46667,Wilkes,-2.5190137254450486
193,I,1,0.4610189315,0.4755216629,-1.004162739,0.02236044682,0.6916910326,0.9643750575,0.06848407643,0.04673650011,,15.76667,Wilkes,0.032884752675060636
194,I,2,0.2492599973,0.7787825552,-0.7865853157,0.02245948848,0.6684203789,0.9599667421,0.1340648379,0.05026902898,,21.68333,Wilkes,0.5350704273956692
195,I,3,0.308832587,0.7550106614,-0.6384216038,0.02240785042,0.715685293,0.9623323464,0.06332155477,0.04374777918,,23.21667,Wilkes,-1.0994754208918494
196,I,4,0.2706351859,0.9277021916,-0.9007914624,0.02231204371,0.7448059893,0.956522443,0.1156129032,0.04022101549,,26.03333,Wilkes,-1.2507811801350712
197,I,5,0.3190100364,0.7157277353,-0.8459628671,0.02228572262,0.7204217326,0.9633738843,0.086016,0.04293911703,,21.05,Wilkes,-2.4275409069245426
198,I,6,0.2803147133,0.6428780633,-0.5271742242,0.02238397309,0.7035200453,0.9584854836,0.07139442231,0.04522558806,,21.06667,Wilkes,-1.309030966360854
199,I,7,0.3427853902,0.8533432283,-0.7194753376,0.02243273403,0.6764350336,0.9612149313,0.09582887701,0.04902640208,,25.18333,Wilkes,0.057646777516657366
200,I,8,0.1973416322,0.9790811185,-0.953044923,0.02233668167,0.6957697913,0.9529852558,0.07802612482,0.04614105468,,27.45,Wilkes,-1.3440668342563864
201,I,9,0.2944463103,1.008173695,-0.9271423247,0.0222016493,0.6728207699,0.9830794999,0.07625531915,0.04904406496,,27.38333,Wilkes,-0.5202761254397954
202,I,10,0.254991636,0.9394380671,-0.6813072531,0.02254689405,0.6937596996,0.969110644,0.09317157712,0.04684557649,,27.55,Wilkes,-2.8248820751915216
203,I,11,0.3683376242,0.6277944705,-0.4435662562,0.02247395676,0.7594132095,0.9720877501,0.08386895476,0.03896935761,,20.28333,Wilkes,-2.121098504971494
204,I,12,0.229064769,0.655488059,-0.8170010891,0.02199192467,0.7179796694,0.966875005,0.1047953216,0.04266177743,,20.2,Wilkes,-2.1846851427500273
205,I,13,0.3500938719,0.7746184619,-0.8738046039,0.02214678172,0.7054480334,0.9744661036,0.1289208633,0.04450210672,,22.85,Wilkes,0.9246940118032136
206,I,16,0.2850461996,0.6839343449,-0.9786666357,0.02224016251,0.6795611734,0.9658598421,0.06215028902,0.04815937491,Also has the full z=0 simulation box,19.46667,Wilkes,-2.8218004724035706
207,I,17,0.3272158012,0.8222076694,-0.9658809865,0.0225356214,0.7310926954,0.9596241107,0.09448154657,0.0421623344,,23.16667,Wilkes,-2.138726013601503
208,I,18,0.2873986127,1.01077496,-0.7372345193,0.02219012716,0.7103861919,0.9641269827,0.07713055954,0.04397144811,,27.68333,Wilkes,-2.8744030641914575
209,I,19,0.3541046382,0.5193128171,-0.5597136146,0.02226416767,0.6404476957,0.9558827989,0.08492890995,0.05427991129,,16.83333,Wilkes,-0.44185899323470235
210,I,20,0.2157934149,0.8117444991,-0.8600058655,0.02272028496,0.6861239874,0.9620617958,0.07064388962,0.0482623615,,23.45,Wilkes,-0.3873183128065558
211,I,21,0.3742114133,0.8536972555,-0.8019993554,0.02258886845,0.6987097944,0.9580562739,0.06273045508,0.04627014004,,33.8,Wilkes,-1.617913993986889
212,I,22,0.2328738082,0.9415968394,-0.3839042877,0.02223139494,0.6809932106,0.9631184717,0.1136575053,0.04793813673,,28.05,Wilkes,-2.8545819010675846
213,I,23,0.296804407,0.662842921,-0.6605669644,0.02212716498,0.7064188703,0.9509985761,0.06779319042,0.04434056168,,19.8,Wilkes,-1.2599582228625366
214,I,24,0.2577388311,0.5697898089,-0.9140340721,0.02249771431,0.724473697,0.9609179842,0.1314425428,0.04286404504,,17.95,Wilkes,-2.31468546493348
215,I,25,0.3330907187,0.6669488314,-0.9401388245,0.02237808191,0.7124465584,0.9688069717,0.1099386503,0.04408778432,,19.7,Wilkes,-1.2931030579393772
216,I,28,0.2730926804,0.7955676822,-0.8316409095,0.02242637693,0.658461069,0.9716334896,0.06645241038,0.05172481092,,23.33333,Wilkes,-1.508758989520493
217,I,29,0.3015561116,0.6120158213,-0.8873903322,0.02245256302,0.6836604058,0.9676700939,0.08283513097,0.04803801651,,19.03333,Wilkes,-2.115654654109143
218,I,30,0.263043311,0.7807056758,-0.6145533086,0.02235455109,0.7006396468,0.9737486414,0.1031861804,0.04553827079,,24.11667,Wilkes,0.3665637799543613
219,I,31,0.3892707283,0.6909410377,-0.7707006975,0.02230565938,0.7275516073,0.9656109012,0.0753997195,0.04213931359,,21.93333,Wilkes,-0.22953980177747413
220,I,32,0.2398748692,1.011264814,-0.9914209633,0.02240181457,0.7083822356,0.9700887978,0.0918974359,0.04464243498,,28.28333,Wilkes,-1.1174192275089228
221,I,33,0.3051664421,0.6718585083,-0.9850465363,0.02242954211,0.6952718345,0.9555248321,0.1354156171,0.04639926861,,20.06667,Wilkes,-1.4012587475911191
222,I,34,0.2668855485,0.5842188449,-0.7625610746,0.02233366391,0.6755855095,0.9619245637,0.06883482714,0.04893271631,,19.08333,Wilkes,-2.5638404536278565
223,I,35,0.4069902233,0.8375321143,-0.6018428865,0.02228226027,0.703039787,0.9594468256,0.1166160521,0.04508161185,,25.83333,Wilkes,-0.5878457930295213
224,I,36,0.2447060892,0.9385843019,-0.8806222584,0.02238102538,0.7197950149,0.9640025186,0.06362130178,0.04319786775,,27.35,Wilkes,-0.9833922038776173
225,I,37,0.3377819751,0.484142807,-0.824363352,0.02240482545,0.7427799347,0.949020836,0.07177570093,0.04060890117,,16.7,Wilkes,0.6215242637041936
226,I,38,0.1834230014,0.8288946397,-0.4677271146,0.02230886539,0.7151304614,0.9607661682,0.08657004831,0.04362213607,,25.9,Wilkes,0.8756396750323083
227,I,39,0.3151110918,0.7989850578,-0.6912275899,0.02235750137,0.6671331069,0.9578292705,0.07848175182,0.05023405993,,23.96667,Wilkes,0.23838116424410538
228,I,40,0.2767277544,0.9794762602,-0.9336531832,0.02245600283,0.6911625391,0.9629896854,0.09651705566,0.04700803218,,27.1,Wilkes,0.46678504905674556
229,I,41,0.3607235499,0.7081700924,-0.9074310316,0.02280284524,0.6788153863,0.9664897177,0.08885950413,0.04948637985,,20.43333,Wilkes,-1.0168410946703035
230,I,42,0.2228400133,1.035668801,-0.6496875722,0.02226790268,0.697248713,0.9714189847,0.07334242838,0.04580404915,,29.13333,Wilkes,-1.504871175874452
231,I,43,0.290920872,0.6109848778,-0.3447063795,0.02219601656,0.722378658,0.9686585161,0.0993715342,0.04253488145,,20.46667,Wilkes,-1.0840392249489899
232,I,44,0.2507260336,0.788104298,-0.7943473103,0.02254113691,0.7049646157,0.9772059394,0.08035874439,0.04535667175,,24.01667,Wilkes,-0.8750296990790711
233,I,45,0.320336553,0.894401911,-0.8530169786,0.022501987,0.7173937787,0.9654868699,0.06484921592,0.04372256754,,26.38333,Wilkes,0.27078717802994534
234,I,46,0.2815020881,0.8306824411,-0.5439870249,0.02213747014,0.7538105752,0.9699175187,0.1208089888,0.03895861749,,25.86667,Wilkes,-2.3959745549663762
235,I,47,0.3445363868,0.6985062904,-0.7284512867,0.02223583603,0.6932487146,0.9675348293,0.06020156775,0.04626742363,,21.4,Wilkes,-0.5977644200673593
236,I,48,0.2010310858,0.7732682825,-0.959470468,0.02259776437,0.6718112781,0.973429314,0.1056188605,0.050069228,,22.75,Wilkes,0.6239591318603939
237,I,49,0.3562216257,0.81210254,-0.9722789097,0.02203901372,0.7267458218,0.9621976941,0.07940915805,0.0417279518,,24.41667,Wilkes,-2.1101439265106574
238,I,50,0.2182527381,0.9022211084,-0.7458389884,0.02247772458,0.7078881564,0.9562138117,0.09792349727,0.04485625924,,25.56667,Wilkes,-1.8485469832112065
239,I,51,0.3286492842,0.6816125884,-0.5745169289,0.0225529243,0.6830151081,0.9642511459,0.07255060729,0.0483439622,,20.25,Wilkes,0.3688584007015989
240,I,52,0.2885730958,0.6052112211,-0.866933741,0.02220705414,0.7001585568,0.9597973132,0.08769983687,0.04529999454,,18.63333,Wilkes,-0.39252842522677645
241,I,54,0.2590871236,0.9858419798,-0.4160687052,0.02261844858,0.6558648837,0.9521487142,0.06422939068,0.05258163134,,28.75,Wilkes,0.8618597695728427
242,I,55,0.3774776249,0.5574524376,-0.6710962885,0.02251087177,0.7119252113,0.9632465178,0.1382005141,0.04441437636,,18.0,Wilkes,-0.4316650585944637
243,I,56,0.2346944219,0.8384083947,-0.9206035475,0.02215530474,0.7342075436,0.9582747229,0.06954721863,0.04109983168,,25.06667,Wilkes,0.7973315702291046
244,I,57,0.3125704902,0.5310151051,-0.9466018809,0.02231519621,0.7098805749,0.9718560989,0.06074576271,0.04428229545,,17.83333,Wilkes,0.3073935409562889
245,I,58,0.2743106175,0.70101951,-0.710291212,0.02241089087,0.7301523614,0.966745825,0.1073053892,0.04203704045,,21.45,Wilkes,-0.30132806026545644
246,I,59,0.3346239994,0.7957475752,-0.5090642473,0.02246302313,0.7020800534,0.9796119682,0.06548112058,0.04557166909,,25.53333,Wilkes,-2.2400490055966005
247,I,60,0.1694206319,1.28618999,-0.8388390811,0.02236338859,0.6855241048,0.9689576293,0.123020595,0.04758741889,,34.53333,Wilkes,-2.1458672535552936
248,I,61,0.39421082,0.5588378862,-0.8941122928,0.022339686,0.6642201235,0.9702640009,0.1008630394,0.05063525558,,18.08333,Wilkes,0.45211884765634736
249,I,62,0.2415200686,0.5614861577,-0.6267267024,0.02243595462,0.69008963,0.9657352086,0.08133131619,0.04711221792,,18.95,Wilkes,-1.6643042709887217
250,I,63,0.3027542695,0.9281530919,-0.7787058298,0.02238692622,0.739401514,0.9740924751,0.09005025126,0.04094810394,,26.6,Wilkes,-0.2542568698931116
251,I,64,0.2643355928,0.8647771407,-0.9977922542,0.02228914063,0.7140400387,0.9678066479,0.07415172414,0.04371678287,,24.53333,Wilkes,-1.2584971245401428
252,I,65,0.3157531591,0.9357073312,-1.000977452,0.02215113155,0.6751485044,0.9467205001,0.1077354709,0.04859563891,,25.9,Wilkes,-1.1626049615071117
253,I,66,0.277328536,0.8684505309,-0.7826607536,0.02250860506,0.6950217916,0.960689356,0.06088335221,0.04659633273,,25.73333,Wilkes,-2.957699839878969
254,I,67,0.3385922383,0.6257999941,-0.63263068,0.02261283502,0.7194859465,0.9577122499,0.1235862069,0.04368279147,,19.68333,Wilkes,0.2892897793726199
255,I,68,0.1861531602,0.6793491647,-0.8974570241,0.02224228569,0.7027997903,0.962924995,0.06564102564,0.04503147457,,21.61667,Wilkes,-1.754202143147654
256,I,69,0.411195664,0.7381995553,-0.8424099714,0.0222043786,0.7148555303,0.9553338964,0.08157814871,0.04345122862,,22.95,Wilkes,-1.6514661967940483
257,I,70,0.2454826937,1.101505457,-0.5182969558,0.02254987284,0.7418630535,0.9618554186,0.1012429379,0.04097289131,,32.63333,Wilkes,-2.713592395022935
258,I,71,0.3057731813,0.5652327064,-0.7149103281,0.02247583233,0.6908963694,0.9593565459,0.07435684647,0.04708580097,,18.08333,Wilkes,-0.5014916939976679
259,I,72,0.2675163899,0.7347615743,-0.9498257452,0.02201971504,0.6664514859,0.9639401579,0.09035294118,0.04957635732,,20.88333,Wilkes,0.11444860175491067
260,I,73,0.345429521,0.5773092009,-0.9238765977,0.02228743698,0.69700362,0.9654249425,0.09828153565,0.04587647712,,18.11667,Wilkes,-0.9558349508630224
261,I,74,0.202756074,0.8956334039,-0.6762397477,0.02238544891,0.6784342508,0.9698332579,0.07964444444,0.048635152,,27.73333,Wilkes,-1.0891604676717472
262,I,75,0.3210053727,0.7659649977,-0.4303018875,0.02243434062,0.7047233216,0.9674676536,0.08798690671,0.0451726971,,24.16667,Wilkes,0.08842850252257772
263,I,76,0.2820945009,0.9386239466,-0.8132864347,0.02233818543,0.722043782,0.973277557,0.07274695535,0.04284704021,,26.93333,Wilkes,-2.6131079732341735
264,I,77,0.2915078959,0.7183415522,-0.8703760569,0.02236191809,0.7517883338,0.9664261157,0.06438323353,0.03956561204,,21.6,Wilkes,-0.8363266484399094
265,I,78,0.2514502978,0.6416295568,-0.5816136135,0.02246124947,0.7171040805,0.9713145164,0.1192017738,0.04367868189,,19.78333,Wilkes,-0.004465371160433662
266,I,79,0.3619130406,0.8005049659,-0.7500781847,0.02240936862,0.6712866139,0.9685850687,0.06972762646,0.04972944892,,23.63333,Wilkes,-1.5347691658377998
267,I,80,0.2239270475,0.8846450963,-0.9754738985,0.02231362307,0.6929917685,0.9768147442,0.1389147287,0.04646371605,,24.73333,Wilkes,0.5045219052981058
268,I,81,0.3792127346,0.648656297,-0.9626774528,0.02245427738,0.7076419941,0.9609930283,0.07354309166,0.04484064882,,18.91667,Wilkes,-1.172739289664264
269,I,82,0.2355858802,0.6901983696,-0.7328660877,0.02235602691,0.7263527248,0.9516287092,0.08915422886,0.04237400208,,20.48333,Wilkes,-2.536414422556209
270,I,83,0.2985797034,0.9044512129,-0.5519749753,0.02230726597,0.699917728,0.9631825834,0.08059970015,0.04553573572,,26.93333,Wilkes,0.9075612555623236
271,I,84,0.2597554187,0.8439471254,-0.8565193065,0.02240331833,0.6826874272,0.9581665104,0.09974025974,0.0480693822,,24.3,Wilkes,-1.1763970684378706
272,I,85,0.3293743324,0.5526783406,-0.7981866273,0.02237955318,0.6543435692,0.9621299061,0.1213544018,0.05226846358,,17.36667,Wilkes,0.01115651438171028
273,I,86,0.2891601042,0.7140070416,-0.3654009171,0.02228051152,0.6875835487,0.9560513586,0.06500604595,0.0471274784,,22.91667,Wilkes,-2.686987176777271
274,I,87,0.3573116884,0.693916537,-0.6551731851,0.02233214958,0.7336526235,0.9641890988,0.106035503,0.04149058691,,21.53333,Wilkes,0.23536177501777944
275,I,88,0.2194383785,1.019235363,-0.9107369303,0.02242795629,0.7116661945,0.9597112022,0.06033670034,0.0442829993,,28.15,Wilkes,-2.3919987044886537
276,I,89,0.3033552311,0.8232071712,-0.9368989899,0.02259321828,0.7296972813,0.9701758893,0.06901155327,0.04243191593,,23.78333,Wilkes,-2.500174859833376
277,I,90,0.2649772592,1.012229549,-0.6960865152,0.02223363043,0.7096290012,0.9656730173,0.1361012658,0.04415172443,,27.56667,Wilkes,-1.894254790132079
278,I,91,0.3969714433,0.4570638901,-0.4788266959,0.02213245768,0.6852203951,0.9739172011,0.06377224199,0.04713777516,,15.83333,Wilkes,-1.3011704338425858
279,I,92,0.2423291226,0.7315126198,-0.8280123786,0.02249983749,0.7018401488,0.9677382042,0.117124183,0.04567756711,,21.86667,Wilkes,-1.0588572868482626
280,I,93,0.3354016444,0.9334441214,-0.8840122726,0.0225383507,0.6898178162,0.9717437261,0.08684975767,0.04736453942,,26.75,Wilkes,-1.2868298897218198
281,I,94,0.1735469133,1.126566676,-0.6082692948,0.02219310595,0.6634014208,0.9666815283,0.07196787149,0.05042725078,,31.15,Wilkes,-2.86184189330373
282,I,95,0.3132016802,0.6720314594,-0.7666482794,0.02226604324,0.7137711413,0.9788014239,0.09686486486,0.04370439154,,20.63333,Wilkes,-0.6118749584337682
283,I,96,0.2749171391,0.5871132105,-0.9882342877,0.02274807533,0.7386589865,0.9688820158,0.07871156662,0.04169237988,,18.25,Wilkes,-0.03216290189443205
284,I,97,0.3402400018,0.7539257173,-0.9946068551,0.02249561641,0.6677886169,0.9633102823,0.06116040956,0.05044520303,,23.11667,Wilkes,0.9150155191538039
285,I,98,0.1910461081,1.155615645,-0.774719505,0.02212155142,0.6914274125,0.9583810153,0.1086060606,0.04627243927,,30.08333,Wilkes,-0.7833602074969015
286,I,99,0.3170462848,0.613882081,-0.6207032409,0.02222912823,0.7437574514,0.9611414839,0.06596319018,0.04018461129,,19.21667,Wilkes,0.7274738873937552
287,I,100,0.2785263608,0.7750656953,-0.8907568658,0.02258469526,0.7154070305,0.9525940606,0.1247331787,0.04412734798,,22.18333,Wilkes,0.8078644352351683
288,I,101,0.306991583,0.8804745035,-0.8352495989,0.02270098628,0.7032798643,0.9643131301,0.1020113852,0.04589742912,,25.26667,Wilkes,-2.1504186077489393
289,I,102,0.2687707334,0.8185661574,-0.4994387404,0.02226227542,0.7201069091,0.9598824813,0.08207633588,0.04293145384,,24.81667,Wilkes,-2.734480325077086
290,I,103,0.4220214289,0.6059706273,-0.7056157826,0.0221870757,0.6955211578,0.9622651707,0.09096446701,0.04586478622,,18.35,Wilkes,-2.3213524111239168
291,I,104,0.2470140036,0.660848321,-0.9433730138,0.02253294586,0.6760142071,0.956370686,0.0747705146,0.04930674427,,19.48333,Wilkes,-0.022266312483817163
292,I,105,0.3223547679,0.6234480354,-0.9173228241,0.022400314,0.6935046799,0.9742751679,0.07647226174,0.04657526278,,18.91667,Wilkes,-1.9561235916602824
293,I,106,0.2832770766,0.5261434774,-0.6658733013,0.02230404538,0.6723223646,0.9678754363,0.09349565217,0.0493433378,,17.1,Wilkes,-2.5510467967599353
294,I,107,0.3472537165,0.8724292646,-0.4006835528,0.02235307378,0.717685617,0.9703531744,0.07009126467,0.04339790514,,27.11667,Wilkes,0.7735502192143646
295,I,108,0.2060048417,0.986021072,-0.8057863526,0.02245085937,0.7562610928,0.9657974814,0.0841314554,0.03925450034,,27.9,Wilkes,-0.26564243112211416
296,I,109,0.3643808632,0.4979620022,-0.8634771749,0.02242480379,0.7227173471,0.980779164,0.1122338205,0.0429330452,,16.86667,Wilkes,0.8327189156854571
297,I,110,0.2260384591,0.7785546838,-0.5672219631,0.02232910913,0.7052061783,0.9690338318,0.06229432213,0.04489925959,,23.78333,Wilkes,-1.6819609009780976
298,I,111,0.2926824333,0.8563721101,-0.7415582804,0.02227697687,0.679190945,0.9719707295,0.1295421687,0.04829169837,,25.31667,Wilkes,-2.230966852357461
299,I,112,0.2528822906,1.06005522,-0.9690813719,0.02237661141,0.6974933115,0.9668103146,0.06728410513,0.0459953815,,28.45,Wilkes,-2.4528449261441967
300,I,113,0.2950350489,0.5054702357,-0.9818574168,0.02233517455,0.7101329611,0.9579439011,0.09221269297,0.04429044143,,16.58333,Wilkes,0.7735107854014331
301,I,114,0.2556851182,0.6918486917,-0.7584378554,0.02243113461,0.7306172957,0.963054175,0.07561181435,0.04202147996,,21.15,Wilkes,-2.34333923416076
302,I,115,0.3697351298,0.729603442,-0.5952649776,0.02238249863,0.6858252732,0.9501880318,0.103583815,0.04758626253,,23.03333,Wilkes,0.2094086016711656
303,I,116,0.2300396812,1.062438551,-0.8772198516,0.02228399717,0.6315019446,0.9608423707,0.08309119011,0.05587836757,,29.21667,Wilkes,-2.153267640813422
304,I,117,0.3510709933,0.6179694277,-0.8206931547,0.02231045789,0.6806421228,0.9595359991,0.06661710037,0.04815826567,,19.41667,Wilkes,0.4516773570002304
305,I,118,0.2118518623,0.6422914147,-0.4560038451,0.02240633609,0.6984672808,0.9640647914,0.1270921986,0.04592812464,,20.7,Wilkes,-2.7733016908349497
306,I,119,0.3251044011,0.9263662254,-0.6863021533,0.02245773973,0.7241134488,0.9557075249,0.06172215844,0.04283046774,,27.18333,Wilkes,-1.4743303599407076
307,I,120,0.2856348757,0.8594322296,-0.9304010732,0.02235897462,0.7061755991,0.9619933521,0.1103901437,0.04483595958,,24.85,Wilkes,-1.3922760198422908
308,I,121,0.3829260859,0.8091415423,-0.9562597272,0.022238013,0.7347793883,0.9676023059,0.1320884521,0.04118907599,,24.33333,Wilkes,0.9049684658745449
309,I,122,0.2373337332,0.894766603,-0.7239883301,0.02260252986,0.7121853196,0.9735861883,0.06796460177,0.04456265082,,27.03333,Wilkes,0.5909093258965137
310,I,123,0.299767325,0.7400955362,-0.535728258,0.02250416397,0.6572260473,0.9655488541,0.1141401274,0.05209947527,,22.96667,Wilkes,-1.462192669081487
311,I,124,0.261080937,0.6682192734,-0.8494983482,0.02214223563,0.6881528712,0.9700026868,0.06287719298,0.04675753586,,20.55,Wilkes,-1.3012686668860263
312,I,125,0.3094501299,0.75597852,-0.9041160024,0.02193715476,0.7003991886,0.9687324778,0.07083003953,0.04471868566,,22.81667,Wilkes,-0.13941834527632002
313,I,126,0.2712524498,0.9286430607,-0.6441054061,0.02247209732,0.6833393925,0.9776512858,0.08519809826,0.04812499446,,27.51667,Wilkes,-0.43954249191455697
314,I,127,0.3308420204,0.5632840243,-0.7904805145,0.02254398344,0.7081348943,0.9665534822,0.07735251799,0.04495713905,,19.36667,Wilkes,0.5766100320778604
315,I,128,0.1232301212,1.110367263,-1.007348406,0.02219886309,0.7271453415,0.9715252771,0.09481481481,0.04198443185,,31.46667,Wilkes,-0.2512249063289089
316,J,1,0.3306572355,0.8788843422,-1.006551937,0.02260131649,0.695707696,0.9599876695,0.07492682927,0.04669604746,,24.98333,Wilkes,-0.9387525146928355
317,J,3,0.3092955534,0.7359344374,-0.642694191,0.02214106582,0.703459989,0.9565596314,0.08226472839,0.04474244584,,22.41667,Wilkes,0.6027370000572385
318,J,4,0.2710983223,0.6643737503,-0.9032857741,0.02250361709,0.7203427463,0.9623490945,0.102302569,0.04336845543,,20.35,Wilkes,-1.6760308088651188
319,J,5,0.2996186724,0.7757209659,-0.8486160794,0.02247163491,0.744536526,0.9585113263,0.1251688009,0.04053803126,,24.01667,Wilkes,-1.530214054060766
320,J,6,0.2609160302,0.9555731664,-0.5336184583,0.02190540964,0.7156155655,0.9633897603,0.06608481868,0.04277517767,,28.13333,Wilkes,-1.5942700717795013
321,J,7,0.3824422896,0.5315503387,-0.7228648484,0.02219815726,0.6682645478,0.9530762227,0.1089361702,0.04970728925,,17.21667,Wilkes,-1.0419523989543067
322,J,8,0.2371177101,0.8089157655,-0.9554564192,0.02254326595,0.6916252428,0.9612332148,0.06126495726,0.0471275826,,23.85,Wilkes,-2.8610822935167457
323,J,9,0.3249304332,0.4918553777,-0.9295870216,0.02243073585,0.6794691031,0.9691299448,0.06741065831,0.04858521115,,16.16667,Wilkes,-1.1883729783329677
324,J,10,0.2854877483,0.6629624373,-0.6850600598,0.02233479723,0.6976764517,0.9844127952,0.1300120919,0.04588533266,,20.2,Wilkes,-1.7335297242166616
325,J,11,0.3508252005,0.7559899269,-0.4529653859,0.02228356403,0.7229739586,0.9668912099,0.06240278584,0.04263235704,,24.26667,Wilkes,-2.0272598373566892
326,J,12,0.2115079071,1.11848933,-0.8197722161,0.02238213021,0.7053875409,0.9721173952,0.1125863874,0.04498273411,,29.76667,Wilkes,-2.0102922352919714
327,J,13,0.3693817072,0.6094450528,-0.8763672612,0.02240595809,0.7179059446,0.9679619248,0.08432941176,0.0434738818,,18.73333,Wilkes,0.1901765643760438
328,J,14,0.2297974432,0.6276881821,-0.5935956774,0.0223100604,0.7585343763,0.9745152356,0.07022860875,0.03877485755,,20.11667,Wilkes,-1.4576357393430874
329,J,15,0.294887821,0.9822237502,-0.7574012743,0.02235860642,0.6936960315,0.9658754467,0.0937401918,0.0464628998,,27.53333,Wilkes,0.9229754276848561
330,J,16,0.2555121805,0.9170410613,-0.9810598888,0.02245730441,0.6726973117,0.9704662023,0.07663578047,0.04962702505,,25.73333,Wilkes,-1.3489925940088603
331,J,17,0.2925355691,0.6472867827,-0.9682815543,0.02230364069,0.7243831855,0.9641425186,0.1107312049,0.04250490388,,19.5,Wilkes,-0.2091705400545849
332,J,18,0.2527044601,0.5468576247,-0.7404814382,0.02239993934,0.7063580144,0.9596459777,0.06182863715,0.04489490822,,18.56667,Wilkes,-1.778509281285797
333,J,19,0.3640655041,0.8449970046,-0.5653655081,0.02245043509,0.6809058489,0.9620788542,0.127544484,0.04842288186,,26.18333,Wilkes,0.3059836008002663
334,J,20,0.2257788762,0.934174767,-0.8626107493,0.0223527042,0.698649199,0.9559255431,0.06674115456,0.04579433324,,28.01667,Wilkes,-2.1477202779141313
335,J,21,0.347022812,0.5023762283,-0.8048419699,0.02232872792,0.6860495343,0.9631345167,0.08328427576,0.04744091251,,16.63333,Wilkes,-1.8992517447977115
336,J,22,0.2056121463,0.8080483131,-0.3966305382,0.02242441145,0.6388915203,0.9580840287,0.103884058,0.054937236,,25.16667,Wilkes,-1.8299266019972729
337,J,23,0.3221852099,0.8096524892,-0.6645546861,0.02237624389,0.7103228032,0.9609367978,0.07577167019,0.0443481669,,24.38333,Wilkes,-2.482575493906673
338,J,24,0.2831294068,0.9932302214,-0.9165014028,0.02227653142,0.7309728288,0.9511693478,0.0924505589,0.04169126779,,27.8,Wilkes,0.00238208692605113
339,J,25,0.4204179621,0.6726497859,-0.942564978,0.02212009225,0.7083203422,0.9783165964,0.095066313,0.04408872148,,21.68333,Wilkes,-1.2739369997807475
340,J,26,0.2468241343,1.008382068,-0.7044378559,0.02249509577,0.7274493899,0.9688256804,0.07751982696,0.04250913605,,29.05,Wilkes,-2.496219166027492
341,J,27,0.3068389094,0.6168631635,-0.4969660283,0.02258367755,0.7005795472,0.9716608548,0.08540111199,0.04601291586,,19.38333,Wilkes,-0.8551453095025865
342,J,28,0.2686144581,0.7822980914,-0.8343492517,0.02222855652,0.6835804525,0.9666334276,0.07097029703,0.04756987287,,22.9,Wilkes,-1.0467111135772411
343,J,29,0.3168839678,0.8596453478,-0.8899162898,0.02226179968,0.6581626937,0.9737901865,0.06298769772,0.05139179027,,24.71667,Wilkes,-0.9789974998983828
344,J,30,0.2783768923,0.7975086565,-0.6191779005,0.02269692029,0.6883644103,0.9676870909,0.1145047923,0.04789940466,,23.76667,Wilkes,-0.15000155326523812
345,J,31,0.3400319731,0.6688600705,-0.7737178917,0.02253228503,0.7352202123,0.9701104772,0.06809373021,0.04168409341,,20.01667,Wilkes,-2.733873442085124
346,J,32,0.1904699,0.7430189486,-0.9938104397,0.02218630091,0.7123811406,0.9656264235,0.1325770654,0.04371797848,,21.66667,Wilkes,-1.0322319070003019
347,J,33,0.3130436445,0.8178514136,-0.9874374621,0.02223307441,0.69109612,0.9619417937,0.09058129739,0.0465503137,,23.63333,Wilkes,-2.7935821259350724
348,J,34,0.2747656556,1.00364384,-0.7656297865,0.02259211325,0.6669652496,0.9555712436,0.07451143451,0.05078675245,,28.15,Wilkes,0.9043677291561925
349,J,35,0.3352065221,0.5068052506,-0.6066763836,0.02249930426,0.7150615772,0.9640180948,0.101529745,0.04400299163,,17.76667,Wilkes,-0.3604030328941472
350,J,36,0.1725665353,0.8771942721,-0.8831659068,0.02213116222,0.742545383,0.9594692209,0.08176425856,0.04013823001,,26.38333,Wilkes,-2.323258911945518
351,J,37,0.3962600057,0.867494885,-0.8271020694,0.02219236781,0.7197174868,0.9607852752,0.06576146789,0.04284296628,,26.15,Wilkes,0.6782537179814003
352,J,38,0.242127676,0.9625185182,-0.4761059745,0.02253766317,0.7029797812,0.9493656434,0.1240138408,0.04560612945,,28.78333,Wilkes,-2.300044134749238
353,J,39,0.3032048674,0.6906112991,-0.6948778645,0.02273986563,0.6754770548,0.9630058263,0.06098695406,0.04983869843,,20.8,Wilkes,-1.581644614211064
354,J,40,0.2648171136,0.6079382036,-0.936088111,0.02226557588,0.6952093924,0.9578581469,0.1080603015,0.04606835135,,19.13333,Wilkes,-2.810048049414595
355,J,41,0.357037097,0.675334633,-0.9099112911,0.02235565808,0.6716814221,0.9714453832,0.1394552529,0.04955195413,,20.43333,Wilkes,-1.5149421622187287
356,J,42,0.2191445594,0.7253781733,-0.6538105697,0.02245384777,0.6931845714,0.9665056433,0.06986354776,0.04672970058,,21.71667,Wilkes,-0.07436415444701039
357,J,43,0.3291925348,0.8693613701,-0.360454992,0.02240294208,0.7532716886,0.9773115632,0.1195995551,0.03948223837,,27.65,Wilkes,-2.512519310700662
358,J,44,0.2890133618,0.8076942579,-0.7972293249,0.022306865,0.7173211563,0.9686769576,0.06449910018,0.04335221175,,23.86667,Wilkes,0.10793827752291607
359,J,45,0.2984314963,0.5894798729,-0.8556452234,0.02228007244,0.704904268,0.9699387243,0.07289491525,0.04483904129,,18.53333,Wilkes,-1.2916712234748058
360,J,46,0.2595886996,0.7617021926,-0.550002155,0.02237918528,0.7222945874,0.9655023604,0.08820344545,0.04289587698,,24.18333,Wilkes,0.20931165068182134
361,J,47,0.3787719706,0.6805839632,-0.7317668028,0.02242756086,0.6971874872,0.9734680358,0.07982182628,0.04614056156,,21.03333,Wilkes,-2.3042904295932125
362,J,48,0.2353641469,0.9931837417,-0.961876042,0.0223317704,0.6787206353,0.9675516698,0.09855178735,0.04847759291,,27.28333,Wilkes,0.6093869648580434
363,J,49,0.3616130262,0.5575411299,-0.974675374,0.02238507982,0.7340672779,0.9562535342,0.06043844857,0.04154195366,,17.5,Wilkes,-0.09095076615601982
364,J,50,0.2236573292,0.8451349056,-0.7490221958,0.02228700941,0.7118603562,0.962214592,0.1063501484,0.04398070444,,24.91667,Wilkes,-2.8071151830400947
365,J,51,0.2913611286,0.7973045207,-0.5798572659,0.02233780979,0.6555011907,0.9598186922,0.06512416717,0.05198686382,,24.18333,Wilkes,-1.083006216828136
366,J,52,0.2512697618,0.9864625116,-0.8695167874,0.02243393828,0.687797954,0.9642666476,0.1217667044,0.04742242535,,28.01667,Wilkes,-2.737875736924689
367,J,53,0.3208378095,0.6782734484,-0.8123541548,0.02246080805,0.700098369,0.9522660728,0.1000186047,0.04582550342,,20.33333,Wilkes,-0.1101609780769306
368,J,54,0.2819464722,0.5978974119,-0.4268407603,0.02236155035,0.6829335113,0.9610860618,0.08078136739,0.04794519204,,19.85,Wilkes,-1.5469534664710602
369,J,55,0.3452050911,0.8130655051,-0.6749611391,0.02231322882,0.707826563,0.9583014721,0.0893765586,0.04453574339,,24.93333,Wilkes,0.09661521734401335
370,J,56,0.2023315948,0.922676682,-0.9230590353,0.0224089887,0.7266469575,0.9632624745,0.07369431117,0.04243999643,,27.86667,Wilkes,0.5301371983312095
371,J,57,0.3056213476,0.9430528408,-0.9490202308,0.02250804332,0.7139726818,0.966761929,0.07888481291,0.04415445741,,27.18333,Wilkes,-2.2945404102266798
372,J,58,0.2673589152,0.877349698,-0.7137607057,0.02215006136,0.7392126813,0.9718845399,0.09712737127,0.04053555432,,26.65,Wilkes,0.24150168731923438
373,J,59,0.410088041,0.5627194536,-0.5160234644,0.02224175731,0.6900218175,0.9689766239,0.07211267606,0.04671361232,,18.53333,Wilkes,-1.4569494625953703
374,J,60,0.2452892457,0.5821115907,-0.8415189589,0.0226114835,0.6640194242,0.9798586369,0.08706072874,0.0512822993,,19.3,Wilkes,-1.4708800997760263
375,J,61,0.338388846,0.8072176855,-0.8966218218,0.02254912151,0.6854484191,0.9657507689,0.1175081967,0.04799323987,,23.88333,Wilkes,-0.38270404879203435
376,J,62,0.185490725,1.255931493,-0.6311655266,0.02220370143,0.7020200793,0.970286193,0.063885918,0.04505326926,,34.63333,Wilkes,0.8965072726773871
377,J,63,0.3155923685,0.5485028463,-0.781674909,0.02201384198,0.7300376902,0.9678238122,0.1366200762,0.04130525237,,18.63333,Wilkes,-0.27004852276185654
378,J,64,0.277178462,0.7148362038,-1.000181155,0.02247536189,0.7098176065,0.9741374228,0.06914469453,0.04460804173,,19.63333,Wilkes,-2.115740947920927
379,K,1,0.3026042311,0.5492108095,-0.9969959347,0.02241050992,0.6662766891,0.9607086173,0.09608579088,0.0504826914,,17.33333,Wilkes,-2.9982516527047443
380,K,2,0.2641747194,0.7225888709,-0.7777122339,0.0223148035,0.6908296192,0.9475400421,0.07819636364,0.04675748763,,21.66667,Wilkes,-2.5544249130819012
381,K,3,0.3935540198,0.7405035579,-0.6252323016,0.02236302103,0.7416423047,0.9629411869,0.08622293504,0.040657576,,23.71667,Wilkes,-1.8212446577925476
382,K,4,0.241316426,1.088308294,-0.8932744546,0.02246257851,0.7147870472,0.9577417368,0.07153692615,0.04396491725,,29.55,Wilkes,-2.7242783448941106
383,K,5,0.3344307588,0.6143089223,-0.8379434773,0.02243555041,0.702739801,0.961872739,0.06343362832,0.04543051142,,19.4,Wilkes,-2.7347703787203543
384,K,6,0.1682942293,0.6867107208,-0.5066962835,0.02233931115,0.7194091093,0.9553824534,0.115987055,0.04316362511,,21.6,Wilkes,0.7853689299898683
385,K,7,0.3124130849,0.922353951,-0.7091277229,0.0222887157,0.6949591649,0.9639557567,0.06861518826,0.04614944382,,26.06667,Wilkes,-2.393316511803369
386,K,8,0.2741587387,0.8570491004,-0.9457951455,0.02238655674,0.6750379005,0.959379222,0.1345682103,0.04912821508,,23.96667,Wilkes,-1.6643041543161976
387,K,9,0.3770550963,0.7966169403,-0.9197840998,0.02247724992,0.6929273745,0.96985424,0.1051026393,0.04681313618,,23.6,Wilkes,0.86330847304552
388,K,10,0.2344696443,0.8788732257,-0.6697981423,0.02203468891,0.671153212,0.9654404194,0.06003350084,0.04891742384,,25.93333,Wilkes,-0.865210729561575
389,K,11,0.2978391728,0.7235326133,-0.4123386921,0.02220639013,0.7170319819,0.9733150396,0.1201340782,0.043191761,,23.66667,Wilkes,-0.22926468134286138
390,K,12,0.2589194521,0.6481832855,-0.8086102134,0.02255215436,0.7513319392,0.9674844199,0.06465423933,0.03995069447,,20.46667,Wilkes,-1.849613257707074
391,K,13,0.3284689046,0.7694265371,-0.8660709545,0.02261701255,0.7219606414,0.9713404675,0.08005956813,0.04339185282,,23.65,Wilkes,-0.3357595031459697
392,K,14,0.2884263245,0.943098614,-0.5727123379,0.02224386143,0.7046630372,0.9664420014,0.09891444342,0.04479682128,,28.56667,Wilkes,-2.347775182991384
393,K,15,0.3559525051,0.581558598,-0.7447727621,0.02215427704,0.6783380651,0.9769082653,0.07309313392,0.04814655366,,18.75,Wilkes,-1.615642836545641
394,K,16,0.2179519167,0.878741557,-0.9714797758,0.02251030209,0.6969422664,0.9686033832,0.08849382716,0.0463433812,,24.83333,Wilkes,0.626446529422287
395,K,17,0.279,0.82,-1.0,0.02254,0.7,0.97,0.06,0.046,Matches Takahashi,23.8,Wilkes,-0.08179155226353396
396,L,1,0.4342418756,0.6591962085,-0.9586681469,0.0222674393,0.7116016064,0.9517672801,0.06932301741,0.04397404712,,20.51667,Wilkes,-1.1511069737678494
397,L,2,0.3100633664,0.8545878129,-0.7273401339,0.02278333233,0.7335163894,0.9610117027,0.1373180077,0.04234455772,,26.51667,Wilkes,-1.168441319801138
398,L,3,0.4140146611,0.5735902099,-0.541948623,0.02254043484,0.6875118316,0.9581937491,0.06403811793,0.0476872125,,19.13333,Wilkes,-0.03084169741438192
399,L,4,0.3806726225,0.6731595225,-0.8521388705,0.02219529507,0.6539328096,0.9631985834,0.1180241493,0.05190326374,,20.68333,Wilkes,-1.4085916815691681
400,L,5,0.3888201691,0.7845464443,-0.793383223,0.02213624137,0.682604961,0.9560925225,0.08734362307,0.04750780893,,24.78333,Wilkes,-1.2699972529990085
401,L,6,0.344659681,0.7518774207,-0.3391160133,0.02250144709,0.6998574872,0.9621468829,0.0723066577,0.04594002453,,25.88333,Wilkes,-0.7291581679710091
402,L,7,0.4234956598,0.5398714141,-1.00973808,0.0222954397,0.7456469054,0.9709375509,0.1102769231,0.04010048286,,19.01667,Wilkes,-0.7610040128078892
403,L,8,0.4472896824,0.6353586655,-0.6483012746,0.02259660825,0.7262554183,0.9597328204,0.09747960109,0.04284148197,,20.88333,Wilkes,-1.158248613079245
404,L,9,0.3293971964,0.6671390957,-0.9066031451,0.02223528736,0.7075805402,0.9642046168,0.07911699779,0.0444110443,,20.63333,Wilkes,-0.5820168073981198
405,L,10,0.4095752245,0.6252442678,-0.9328407596,0.02233328568,0.7384784972,0.9656885578,0.07389690722,0.0409521694,,20.03333,Wilkes,-2.400537832842865
406,L,11,0.3765319806,0.5531737627,-0.6900025784,0.02242914504,0.7137041354,0.9701978199,0.08967472894,0.04403279901,,19.11667,Wilkes,-0.044373454932638445
407,L,12,0.4286641826,0.7893419645,-0.4648579921,0.02238065723,0.6631898294,0.9677552834,0.08102486812,0.0508858603,,25.83333,Wilkes,-2.3497828194921464
408,L,13,0.2898643298,0.8480890847,-0.8234478143,0.02228182421,0.6897496253,0.9739603644,0.1003921569,0.04683470587,,26.25,Wilkes,0.23437618418478667
409,L,14,0.4793940537,0.4197701053,-0.8797728359,0.02230846619,0.7017801682,0.9666975848,0.1223208191,0.04529680072,,15.6,Wilkes,-0.709180686573545
410,L,15,0.3486094063,0.65881358,-0.600212987,0.02240444834,0.6851440601,0.9717716145,0.06528233151,0.04772769504,,21.43333,Wilkes,0.743279851125572
411,L,16,0.4010782046,0.7087015715,-0.7615336953,0.02245557041,0.709566231,0.968900865,0.1067725919,0.04460034455,,22.91667,Wilkes,-1.3305753770309474
412,L,17,0.367976266,0.8192834336,-0.9842493962,0.02235713287,0.7295849843,0.9789830656,0.06057464789,0.04200145483,,25.33333,Wilkes,-0.36651904716613704
413,L,18,0.4684163014,0.605062207,-0.9906243793,0.02227830832,0.675907787,0.9584072998,0.07774403471,0.04876489688,,19.36667,Wilkes,-2.706159786552856
414,L,19,0.3475576419,0.6266655158,-0.769690789,0.02237771422,0.6954588928,0.9633261977,0.09540372671,0.04626715483,,19.71667,Wilkes,-1.786278847073039
415,L,20,0.4002150178,0.7562949834,-0.6129951874,0.02242598307,0.720028665,0.9526963347,0.0711581734,0.04325655383,,24.33333,Wilkes,-2.351154436073905
416,L,21,0.3646295635,0.7174139605,-0.8865469145,0.0223302512,0.7032198361,0.9611598933,0.08567330677,0.04515557568,,22.55,Wilkes,-0.3260474992412763
417,L,22,0.4063390208,0.5981644539,-0.8307356621,0.02235418191,0.7153377317,0.9599036302,0.1149946524,0.04368541988,,19.61667,Wilkes,-2.51562102354404
418,L,23,0.373375041,0.6934660031,-0.4867872011,0.02245213612,0.7435068632,0.964328617,0.06313564298,0.04061511646,,23.45,Wilkes,-1.0060441295779001
419,L,24,0.4247554592,0.679323748,-0.6996887382,0.02240143914,0.6913613133,0.9564090883,0.1332342007,0.04686685074,,21.98333,Wilkes,-1.9893113569818084
420,L,25,0.2800033869,0.9127827631,-0.9393294078,0.02230525659,0.6676270523,0.9622819924,0.06826666667,0.05004254305,,26.23333,Wilkes,-2.328656665631812
421,L,26,0.3938933905,0.7464726072,-0.9132105874,0.0221893713,0.6974322068,0.9678926887,0.06197118156,0.04561849986,,23.43333,Wilkes,0.2533883313723888
422,L,27,0.3600033955,0.9114703407,-0.6592268835,0.02253494759,0.6790975644,0.9743220939,0.1111892451,0.04886435907,,27.23333,Wilkes,-2.0247102290494094
423,L,28,0.4576626945,0.5301673646,-0.3794554823,0.02271490434,0.7051457611,0.9658130631,0.06690728065,0.04568284189,,18.83333,Wilkes,-2.6805107402721324
424,L,29,0.338229582,0.7035400003,-0.8010486186,0.0222636962,0.7226323091,0.9703756389,0.1281525626,0.04263463183,,22.71667,Wilkes,-1.4303128014163535
425,L,30,0.4420182493,0.772889248,-0.8591356754,0.02223083124,0.7555969806,0.9690529769,0.1042870999,0.03893814646,,25.28333,Wilkes,-2.1571296803406024
426,L,31,0.3167777848,0.8127809514,-0.5578012488,0.0225878093,0.7176124528,0.9811793234,0.08354312354,0.04386258062,,26.36667,Wilkes,-0.14392486339163035
427,L,32,0.419826628,0.6155007002,-0.7361466641,0.0224971875,0.6721958153,0.966826468,0.09276962899,0.04978936862,,19.68333,Wilkes,-0.5252059226935915
428,L,33,0.3857768053,0.540798221,-0.9650804101,0.02212579345,0.6934407786,0.9719997551,0.07598586572,0.04601295227,,18.91667,Wilkes,0.7957631366479747
429,L,34,0.4174612225,0.8290511656,-0.9778686463,0.02254616018,0.7061148434,0.9630702669,0.1306439854,0.04521909915,,26.25,Wilkes,0.4053691320613573
430,L,35,0.3837418482,0.7517590184,-0.7532312266,0.02220095821,0.7240241251,0.9579722011,0.06758013828,0.04235119258,,24.68333,Wilkes,-1.7755835753592013
431,L,36,0.4387787009,0.61388223,-0.586814206,0.02198239706,0.6984065962,0.9608613285,0.1130599369,0.04506697241,,20.68333,Wilkes,0.44392677462264984
432,L,37,0.3184506314,0.6271170201,-0.8729487321,0.02247349041,0.6805536576,0.9504140175,0.06254799302,0.04852279222,,20.41667,Wilkes,-1.9880424833983619
433,L,38,0.4532151584,0.6760009016,-0.8160745719,0.02250581542,0.6263169076,0.9640803466,0.07041257367,0.05737285756,,21.36667,Wilkes,0.41380369516840787
434,L,39,0.3348802066,0.8786213295,-0.440332645,0.02214566443,0.6857502145,0.9595581249,0.08459480724,0.04709304913,,28.6,Wilkes,-2.4199946351827033
435,L,40,0.3918617035,0.5235290271,-0.6800473106,0.02223962765,0.7305001058,0.9620104949,0.07685489635,0.0416760879,,19.15,Wilkes,0.7145045191982162
436,L,41,0.3576049109,0.6623568376,-0.9263265606,0.02260626434,0.7100697866,0.9557520096,0.09406824147,0.04483598694,,21.16667,Wilkes,-0.7422117209572536
437,L,42,0.432802161,0.5518502236,-0.9522405508,0.02245905016,0.7270448422,0.9736262591,0.09150638298,0.04248826425,,19.43333,Wilkes,-1.1701587481354516
438,L,43,0.3014799951,0.7402004297,-0.7183390415,0.02236007886,0.7080731544,0.9676192233,0.07513626834,0.04459817352,,24.28333,Wilkes,-1.3882153052168937
439,L,44,0.4128895491,0.6705048591,-0.5249863897,0.02231164787,0.6832586328,0.9700241247,0.1026934097,0.04779268081,,23.05,Wilkes,-1.4901112696965009
440,L,45,0.3796434759,0.7650266609,-0.8450762982,0.02240747148,0.7003390479,0.9655643598,0.08251726784,0.04568526723,,23.86667,Wilkes,-2.3710734231035437
441,L,46,0.4042173148,0.6627365139,-0.899958796,0.02238360436,0.6880821256,0.9777732437,0.06624768946,0.0472769519,,20.28333,Wilkes,-0.4751800477548098
442,L,47,0.3712387748,0.6204081551,-0.6369841392,0.02228529231,0.6568987046,0.9687510507,0.125754386,0.0516441964,,19.35,Wilkes,-1.5765787391857202
443,L,48,0.4967720335,0.6865875743,-0.7856069664,0.02233630521,0.7121201881,0.9715521463,0.06140491148,0.04404582405,,22.9,Wilkes,0.521740764670461
444,L,49,0.3525951866,0.7415613342,-1.003366393,0.02243233351,0.7346347669,0.9665694496,0.1093794507,0.04156535536,,23.56667,Wilkes,-2.5053330695906926
445,L,50,0.4225634858,0.6550515784,-1.004959108,0.02210399854,0.7143781825,0.9691686661,0.06247530506,0.0433126223,,20.96667,Wilkes,-1.1280745735685298
446,L,51,0.3880598958,0.6165354411,-0.7875618301,0.02248996963,0.7403805758,0.9649154217,0.1128226653,0.0410278573,,20.66667,Wilkes,-0.6585802627336586
447,L,52,0.4459186654,0.7346755662,-0.6398523755,0.02257400085,0.6904273182,0.9721771701,0.0674952919,0.04735573738,,24.51667,Wilkes,-0.0841086574764569
448,L,53,0.3279212298,0.7768393621,-0.9016235101,0.02222272193,0.6651873187,0.9669236594,0.1303272727,0.05022377234,,24.61667,Wilkes,-0.3791224776471984
449,L,54,0.4633307231,0.544289744,-0.8468483477,0.02225698058,0.6743623098,0.9705119179,0.09390393013,0.04894176957,,18.83333,Wilkes,-1.293871181794934
450,L,55,0.3417664315,0.7120016999,-0.5293418772,0.02266551341,0.6945823935,0.965906674,0.07674518201,0.04698054171,,24.03333,Wilkes,-0.07384333363569295
451,L,56,0.3961872615,0.6915405433,-0.7206083831,0.02252584246,0.7189515809,0.9746152927,0.08446190102,0.04357945115,,23.3,Wilkes,-0.16002154348611697
452,L,57,0.3626311133,0.7921469905,-0.9538490219,0.022178267,0.7023799207,0.9679966814,0.0703204709,0.0449555621,,25.0,Wilkes,-1.4736909542470182
453,L,58,0.4276674096,0.6877344856,-0.9279576527,0.02229956652,0.7488988093,0.9612696894,0.0823908046,0.03976034469,,23.36667,Wilkes,-1.2879416252938092
454,L,59,0.2946985051,0.9198332636,-0.6825626588,0.02239620256,0.716602046,0.9532510955,0.1024976168,0.04361323477,,28.53333,Wilkes,-1.5819790467362345
455,L,60,0.4087594833,0.4688381335,-0.4467483357,0.02244622678,0.6703327221,0.9634214836,0.07503140265,0.0499531071,,17.91667,Wilkes,0.1101297815689759
456,L,61,0.3757474933,0.6363681309,-0.8179261946,0.02234900226,0.6925396438,0.9585626918,0.0913508921,0.04659816995,,20.45,Wilkes,-2.428079279161381
457,L,62,0.4003003059,0.8205348571,-0.8746596446,0.02232490063,0.696573437,0.9623825368,0.1091573604,0.04601036898,,25.25,Wilkes,0.26207385033323716
458,L,63,0.3671481647,0.7590926808,-0.5902261421,0.02242050797,0.6777530425,0.9566331486,0.06133485454,0.04880929068,,23.78333,Wilkes,-0.6475001183981224
459,L,64,0.4762838799,0.5812465882,-0.7553210371,0.0223725704,0.704301631,0.9644214694,0.1254609102,0.04510227983,,19.31667,Wilkes,-1.5154145767674914
460,L,65,0.3475763742,0.5799591791,-0.9794645028,0.02227203036,0.7214664887,0.9600293627,0.06616615385,0.04278854149,,19.36667,Wilkes,0.7696469673553854
461,L,66,0.4854054561,0.7219491976,-0.9666813663,0.02243961458,0.6511283114,0.9651622436,0.08553699284,0.0529276041,,22.11667,Wilkes,0.8312469143680903
462,L,67,0.350297246,0.7641105273,-0.7383195829,0.02234305145,0.6870788437,0.9694845139,0.07106411104,0.04732921851,,23.11667,Wilkes,0.874420659423186
463,L,68,0.4023804846,0.6194718666,-0.5616115975,0.02229293645,0.7327185779,0.9671852809,0.09523472099,0.04152339662,,19.31667,Wilkes,-2.5963929515495723
464,L,69,0.3693449008,0.5195508191,-0.8608751025,0.0223902564,0.7112154286,0.9726810693,0.07763176895,0.04426461878,,17.46667,Wilkes,-1.037754033852989
465,L,70,0.4109457455,0.7216607692,-0.8029484842,0.02241433164,0.7072125128,0.9661574522,0.06818008878,0.04481526009,,23.11667,Wilkes,0.6833681905973306
466,L,71,0.3778332552,0.8558856938,-0.3882459821,0.02231871415,0.7256793647,0.9708889114,0.1329048208,0.04238182193,,26.9,Wilkes,-2.964534349171736
467,L,72,0.4303575536,0.5303662823,-0.6619015816,0.0223666951,0.699495732,0.9682782739,0.06306158358,0.0457121533,,17.41667,Wilkes,-1.8001536142128476
468,L,73,0.2964826124,0.7380442405,-0.9148570324,0.02246706247,0.6821054126,0.9755217648,0.1147491996,0.04828845402,,21.96667,Wilkes,-1.1619766023936249
469,L,74,0.3900871158,0.6198268615,-0.9409478884,0.02263253494,0.6893384228,0.9544038745,0.1278478002,0.0476286451,,19.26667,Wilkes,-1.8878211898619255
470,L,75,0.3598346234,0.7162149921,-0.7020708565,0.02224901648,0.661854617,0.9615572848,0.06682411436,0.05079086535,,21.9,Wilkes,-0.7139294441057817
471,L,76,0.4496661389,0.6670278003,-0.4919358326,0.02216413177,0.71330388,0.9589593737,0.1109597523,0.04356137209,,22.33333,Wilkes,-0.8551651772519664
472,L,77,0.3317576613,0.8584427089,-0.8325449168,0.02251609348,0.7374347504,0.963673996,0.06189982729,0.04140433794,,25.86667,Wilkes,0.3764246327322871
473,L,78,0.4360900816,0.6339736449,-0.8882330296,0.02248204638,0.7289229452,0.9571846382,0.0758786168,0.04231288104,,19.98333,Wilkes,-2.0418912449601083
474,L,79,0.3137920883,0.6678848947,-0.6161030532,0.02206919221,0.7091906076,0.9626476288,0.09260981912,0.04387938042,,20.6,Wilkes,0.02431464202174105
475,L,80,0.4154370998,0.7450126331,-0.7717085055,0.02221289219,0.6846825132,0.9603555864,0.08341349884,0.04738344542,,23.03333,Wilkes,-1.0259602292491472
476,L,81,0.3819544545,0.7081490067,-0.9922174984,0.02256008238,0.7014202188,0.9646686234,0.1040851888,0.04585472783,,22.08333,Wilkes,0.8610853459584913
477,L,82,0.4407806558,0.4843491813,-0.985843591,0.02252088829,0.7038204528,0.9673175559,0.1198662207,0.0454633831,,16.5,Wilkes,0.43315658972858007
478,L,83,0.325598645,0.6884204682,-0.7635862033,0.02217141979,0.7208195475,0.9729527858,0.06457657658,0.0426717441,,20.98333,Wilkes,-2.9177522328389607
479,L,84,0.4189326523,0.7006643413,-0.6034633215,0.02225303975,0.6960796578,0.9652857819,0.1398179454,0.04592735761,,22.55,Wilkes,-1.4017557183604836
480,L,85,0.3850144867,0.8144227379,-0.8814709065,0.02264735487,0.6769506101,0.9696468155,0.06995445673,0.04942008832,,24.48333,Wilkes,-1.9798011663417174
481,L,86,0.3991434399,0.6333406805,-0.8252775667,0.02256682979,0.6691797877,0.9684216063,0.07994052045,0.05039470691,,19.01667,Wilkes,-1.0478170004060292
482,L,87,0.3591113417,0.5851697636,-0.4705573361,0.02221788872,0.6920188594,0.9760720614,0.09873278237,0.04639454571,,19.41667,Wilkes,0.9848435415569528
483,L,88,0.4559391227,0.7850080994,-0.6924484453,0.02208848149,0.7462373063,0.9662835675,0.07299389002,0.03966540995,,24.86667,Wilkes,-0.6830461783434503
484,L,89,0.3369983598,0.7992475957,-0.9344652128,0.02248596755,0.7160355897,0.971085679,0.0883483977,0.04385734749,,23.66667,Wilkes,-2.723914842633427
485,L,90,0.4055403393,0.756614734,-0.9082583476,0.02239322492,0.7234941511,0.9591491251,0.1017218543,0.04278057261,,22.9,Wilkes,-0.010502234072123695
486,L,91,0.3725772058,0.7189560577,-0.651067837,0.02229626949,0.705750801,0.9637994923,0.08188880427,0.04476405756,,22.45,Wilkes,-2.196631320290877
487,L,92,0.4238087581,0.6449390019,-0.3501182874,0.02234603157,0.6800168145,0.9548688133,0.09073417722,0.04832380299,,21.18333,Wilkes,-1.14898312246103
488,L,93,0.2501200357,0.7518620194,-0.7953096804,0.02244290297,0.6980419856,0.9616984751,0.0746148508,0.04605915238,,22.21667,Wilkes,-0.45623418476509414
489,L,94,0.4661489228,0.6288756366,-0.8538940678,0.02247071297,0.6940771968,0.9605141869,0.06105621806,0.04664459211,,18.8,Wilkes,0.6511817471748444
490,L,95,0.3374891452,0.797938297,-0.546008515,0.02236963282,0.6734271712,0.9647920432,0.1082779456,0.04932619156,,24.8,Wilkes,-1.6348737903692667
491,L,96,0.3972106617,0.571757102,-0.7295594302,0.02232181763,0.7183504657,0.957439448,0.06584200857,0.04325704022,,18.76667,Wilkes,-0.33982717898180104
492,L,97,0.3637776044,0.6799394635,-0.9602725544,0.02241740976,0.7655084797,0.9627786652,0.124300578,0.03825475444,,21.43333,Wilkes,-2.858711330137048
493,L,98,0.4034280223,0.6946839761,-0.9730778842,0.02235196473,0.6814260414,0.9724231035,0.0722095366,0.04813691462,,21.6,Wilkes,-2.7502973261398314
494,L,99,0.3704301222,0.7972105897,-0.7469026206,0.02244958846,0.6990124591,0.9670540058,0.08720194647,0.0459450312,,23.73333,Wilkes,-1.2983400572785695
495,L,100,0.4913139083,0.5410752006,-0.5763091349,0.02239919057,0.7249308969,0.9693251995,0.07900073475,0.04262251819,,18.08333,Wilkes,-0.6407319017959523
496,L,101,0.3540576561,0.704331231,-0.8677956369,0.02230282986,0.7067235483,0.965038806,0.09730316742,0.04465404919,,21.58333,Wilkes,-1.866502209302488
497,L,102,0.4317433166,0.7190614634,-0.8104851726,0.02227563804,0.7107039685,0.9750423069,0.1369681529,0.04410142996,,22.93333,Wilkes,-0.02935593034331463
498,L,103,0.3040624015,0.7829429937,-0.4197270015,0.02237550897,0.7317026883,0.9681366693,0.06923374115,0.04179300718,,25.7,Wilkes,-1.7164640328595473
499,L,104,0.4120527237,0.6427287821,-0.6723894654,0.02242362789,0.6864940554,0.9706978193,0.1177656079,0.04758086314,,19.33333,Wilkes,-1.9191606642812808
500,L,105,0.3788691961,0.5923608219,-0.9214225157,0.02232796468,0.6458656237,0.9660318389,0.06396192742,0.05352600089,,18.58333,Wilkes,-0.21633137308478378
501,L,106,0.4516595186,0.5908976308,-0.9474083036,0.02222740687,0.700940011,0.9635480114,0.06520315343,0.04524046886,,18.55,Wilkes,-0.16555056014748404
502,L,107,0.3290661912,0.5881407006,-0.7114511821,0.02258167111,0.6840572537,0.9587640739,0.1220431328,0.04825820598,,18.25,Wilkes,0.9047438892601303
503,L,108,0.3911009371,0.8161506921,-0.5114076919,0.02249405898,0.708692304,0.9614143952,0.06050647158,0.04478704369,,25.55,Wilkes,-2.4690208392542976
504,L,109,0.3566885139,0.763607164,-0.8397335231,0.02211710084,0.7280694577,0.9538735324,0.1065609514,0.04172367676,,22.81667,Wilkes,-2.614569637263257
505,L,110,0.4165888365,0.5511479613,-0.8949494624,0.02218473645,0.7361354522,0.9645451147,0.0895253955,0.04093914855,,17.71667,Wilkes,0.32694025297679374
506,L,111,0.3927840065,0.6567419585,-0.6282136382,0.02253097273,0.7127747572,0.960194052,0.07379547014,0.04434813085,,19.8,Wilkes,-1.8949825065724983
507,L,112,0.4376110651,0.7055452396,-0.7796974632,0.02268944277,0.659863474,0.9625156106,0.1002050326,0.05210934953,,22.93333,Wilkes,0.6248360599409857
508,L,113,0.3165236129,0.9588761543,-0.9985885612,0.02226084491,0.6887844345,0.9569165402,0.08090293454,0.04692183583,,27.01667,Wilkes,-0.7135914253173397
509,L,114,0.457080108,0.6793562022,-1.001773754,0.02232643493,0.7211413672,0.9684939572,0.1204031355,0.04293174715,,21.58333,Wilkes,-0.5931215454462917
510,L,115,0.3378223013,0.8904810787,-0.7836447009,0.02242206511,0.7040609521,0.9763825721,0.0647320891,0.04523296872,,26.71667,Wilkes,-2.981176746695672
511,L,116,0.3936391236,0.5423621582,-0.6340887699,0.02237403949,0.6773551578,0.9663468305,0.1053085211,0.04876536913,,17.6,Wilkes,-0.7344739967718317
512,L,117,0.3597069908,0.6677321036,-0.8982915831,0.02227384116,0.6963268456,0.9711863605,0.06010061487,0.04593765696,,19.5,Wilkes,0.4819960082550656
513,L,118,0.4195276739,0.7681010848,-0.8432998594,0.02230120226,0.6922798119,0.9673840916,0.07319264806,0.0465334168,,23.43333,Wilkes,0.9752715473329601
514,L,119,0.3855227904,0.7233547141,-0.5205482571,0.02239769519,0.6697652331,0.9730944429,0.08863973619,0.04992960499,,22.41667,Wilkes,-1.47759917870571
515,L,120,0.4416025174,0.5859039114,-0.7160565694,0.02244790273,0.7163178744,0.9653476038,0.08017897092,0.04374860357,,18.73333,Wilkes,-2.328126801688592
516,L,121,0.3226126616,0.5176249297,-0.9506309668,0.02235048444,0.7475012954,0.9697291563,0.09909677419,0.04000028094,,17.66667,Wilkes,0.6152447388983737
517,L,122,0.3977234489,0.65905418,-0.9246937025,0.02225892196,0.7059934038,0.9605924506,0.08636144578,0.04465836717,,19.71667,Wilkes,-1.342485032023152
518,L,123,0.3656388251,0.6187965699,-0.6775136102,0.0226765058,0.7238463424,0.9648537347,0.07163224517,0.04327961283,,19.41667,Wilkes,-1.1908819725717574
519,L,124,0.4676443467,0.6964258903,-0.4337026608,0.02252838444,0.6982851566,0.9575623927,0.09625783348,0.04620238852,,24.25,Wilkes,-1.1233353131203634
520,L,125,0.3440096051,0.741124478,-0.8142172563,0.02218154554,0.6803758749,0.9628438373,0.07831026948,0.04791748237,,22.46667,Wilkes,-0.8102581634287618
521,L,126,0.4244386367,0.58832205,-0.871234466,0.02211079678,0.6738998942,0.9592420691,0.0687028754,0.04868706744,,18.26667,Wilkes,-2.757445608502042
522,L,127,0.2678355687,0.8216413684,-0.5833584216,0.02249200297,0.6943302134,0.9638620739,0.1349058971,0.04665476483,,25.46667,Wilkes,-2.939109008898621
523,L,128,0.4060723693,0.6971438619,-0.7511316713,0.02257776807,0.7780830924,0.9550821377,0.06350856468,0.03729314854,,22.58333,Wilkes,0.06835599359755129
524,L,129,0.3731095121,0.8016458402,-0.9762722823,0.02222508207,0.7186497855,0.9617684674,0.1162378378,0.04303370841,,24.65,Wilkes,-0.4694710947465861
525,M,1,0.3587370458,0.6009016173,-0.9634786479,0.02248399723,0.6677162137,0.9752745271,0.08595776531,0.05043008255,,18.25,Wilkes,-1.4233711412474106
526,M,2,0.3112584013,0.7268248343,-0.7339624749,0.02207943654,0.678875997,0.9682072627,0.09905325273,0.04790789388,,21.53333,Wilkes,-0.3818667272623828
527,M,3,0.3887102041,0.6852137012,-0.5539322257,0.0222154119,0.6987046053,0.9707926876,0.1279240991,0.0455058424,,21.73333,Wilkes,-0.14882171889926976
528,M,4,0.2076044944,1.02982811,-0.857392404,0.02256340717,0.7043019475,0.9660945862,0.1356302637,0.04548695885,,28.46667,Wilkes,-1.8354847541089225
529,M,5,0.4881232739,0.6029697877,-0.799142268,0.02263961616,0.7234310477,0.972550483,0.1007215639,0.04325883032,,18.9,Wilkes,-1.4320984054360082
530,M,6,0.2802163946,0.7099542518,-0.3702109518,0.02225103881,0.7332962325,0.9671195229,0.1113924066,0.04138008553,,23.26667,Wilkes,-2.0103687397104713
531,M,7,0.3482152007,0.8213999618,-0.6565300624,0.02216783543,0.6796624887,0.9694044966,0.1366785949,0.04798844593,,24.73333,Wilkes,-2.4475201819439616
532,M,8,0.3057202244,0.7940747336,-0.9115620223,0.02251847192,0.6871654783,0.9651005152,0.07436206016,0.04768878411,,23.0,Wilkes,-0.6327875274423582
533,M,9,0.3992444694,0.8315917438,-0.9377094956,0.02241586829,0.704811851,0.9646068831,0.112795772,0.04512416414,,24.35,Wilkes,-0.04938658285566477
534,M,10,0.2258339052,0.9479734431,-0.6972911832,0.02232026855,0.7105486532,0.9602751993,0.1219617334,0.04420911025,,27.58333,Wilkes,-0.5685885826765418
535,M,11,0.3642974561,0.6449903047,-0.4815131328,0.02236816404,0.7344672254,0.9625817469,0.07689430823,0.04146536548,,20.36667,Wilkes,-1.9783816532738725
536,M,12,0.3196640257,0.5842883899,-0.8289214069,0.0224688804,0.7695065718,0.9570523657,0.09191426144,0.03794519301,,19.0,Wilkes,-0.4343438417076575
537,M,13,0.3311552216,0.7624721519,-0.8848578914,0.02244125449,0.6804948128,0.9636110681,0.1231890053,0.04846157144,,23.06667,Wilkes,-1.3557685825669816
538,M,14,0.2820867266,0.9359516581,-0.6098533102,0.02234454277,0.6878284167,0.9588624491,0.1313099353,0.0472292712,,27.78333,Wilkes,-1.213831026696972
539,M,15,0.4210278998,0.4725803832,-0.7676645984,0.02229460762,0.7053694106,0.9614860595,0.09377593296,0.04480913801,,16.73333,Wilkes,-2.9478309648313754
540,M,16,0.2497417409,0.7465915526,-0.989031046,0.0223917396,0.7111378959,0.9541482235,0.1054935951,0.04427720418,,21.61667,Wilkes,0.11614393859258731
541,M,17,0.3363705015,0.7976444893,-0.9954032397,0.02246525869,0.7358349698,0.9706042477,0.1324098951,0.04149068234,,24.21667,Wilkes,0.5896260184659843
542,M,18,0.2924504885,0.7724944221,-0.7757190885,0.02236522583,0.6485536873,0.9659692037,0.1397534449,0.0531718073,,23.63333,Wilkes,-1.8335861783412453
543,M,19,0.4341342157,0.6019189229,-0.6222206799,0.02231715422,0.68842699,0.9748231024,0.09583785678,0.04708938704,,19.41667,Wilkes,-1.5525697605386006
544,M,20,0.2560610333,0.6706577782,-0.8915967476,0.02241279964,0.6945812112,0.9680664799,0.1072288383,0.04645688071,,19.96667,Wilkes,-1.0340384131350389
545,M,21,0.4044313751,0.6749273054,-0.8361487458,0.02238877519,0.7116826068,0.9692465974,0.1336504401,0.0442035991,,20.81667,Wilkes,-1.4088375504754285
546,M,22,0.2392811585,0.9675164809,-0.5018842101,0.02229125565,0.7180790444,0.9649771101,0.06629727839,0.04323047692,,28.15,Wilkes,-1.5223503244860126
547,M,23,0.3699656074,0.5868265574,-0.7067900447,0.02234155747,0.6531040188,0.9722987274,0.1087133484,0.05237797849,,18.06667,Wilkes,-0.016135204720431506
548,M,24,0.3255266439,0.7072865483,-0.944180717,0.02243798294,0.6725944313,0.9669887208,0.1183488639,0.04959949776,,19.81667,Wilkes,-0.3857433157083112
549,M,25,0.453154094,0.4966794029,-0.9181437437,0.02255684844,0.6951121437,0.9624492104,0.06928114765,0.04668406552,,16.71667,Wilkes,-1.7165879539259987
550,M,26,0.2679693946,0.7587931992,-0.6671867084,0.02221032736,0.7007919541,0.956776899,0.08625554405,0.04522480946,,22.71667,Wilkes,-0.4617141676905292
551,M,27,0.3464147794,0.7782314918,-0.4046498522,0.02205731619,0.7187105205,0.9644833121,0.1196320136,0.04270165079,,24.83333,Wilkes,-0.26590658687835855
552,M,28,0.2944364353,0.9718784903,-0.8067291791,0.0224801143,0.7266369522,0.9601121164,0.1280883858,0.04257587243,,27.23333,Wilkes,-1.2397094234867594
553,M,29,0.3490551408,0.6400193808,-0.8643426792,0.02251375121,0.6736215774,0.9613422769,0.08829817946,0.04961532981,,19.05,Wilkes,-1.9569713764683332
554,M,30,0.3058888928,0.54559592,-0.5690650905,0.02216029816,0.6826647726,0.9535761212,0.1009565303,0.04755110505,,17.85,Wilkes,0.45162040547085036
555,M,31,0.3786389462,0.8142825713,-0.7426324322,0.02224697191,0.7013000669,0.9634848189,0.1292296483,0.04523380754,,24.38333,Wilkes,-2.9770287482141056
556,M,32,0.166851927,1.067582023,-0.9698810116,0.02262599468,0.7069121046,0.9586641793,0.1368273746,0.04527691669,,29.66667,Wilkes,-0.12279025451771819
557,M,33,0.386267719,0.6394211245,-0.982654841,0.02217489422,0.7274862786,0.9662204437,0.1025788213,0.04189979943,,19.21667,Wilkes,0.23587239122712766
558,M,34,0.1952754857,0.7648098061,-0.7594721058,0.02252334446,0.7402703347,0.970986553,0.1129941243,0.04110098091,,23.8,Wilkes,-2.1562108891032232
559,M,35,0.3547144848,0.8925518469,-0.5969241887,0.02265591108,0.6833545386,0.9683497169,0.1378621073,0.04851648904,,26.31667,Wilkes,-0.7199958392461037
560,M,36,0.3074920095,0.825260541,-0.8780716394,0.02225502009,0.6901762096,0.9757865353,0.07724596538,0.04672055794,,23.93333,Wilkes,0.9283593460315989
561,M,37,0.3379101709,0.5283398288,-0.8216127265,0.02222032475,0.7074302103,0.9652239972,0.1143682049,0.04440002326,,17.03333,Wilkes,-1.7936558709914232
562,M,38,0.2929606974,0.6996420126,-0.4589977645,0.02257035808,0.7133465891,0.9695652776,0.123362838,0.04435445746,,22.61667,Wilkes,-0.5392771980755664
563,M,39,0.4576317233,0.6584198797,-0.6875399062,0.02248795809,0.7420679216,0.9672512889,0.07964308843,0.04083783471,,21.33333,Wilkes,-1.3451425893841753
564,M,40,0.2655769694,0.9736304688,-0.9312147099,0.02209660543,0.6612535506,0.9728150872,0.09403739233,0.05053468077,,27.18333,Wilkes,-1.2359166303459528
565,M,41,0.3638034265,0.6985175441,-0.9570627813,0.02227020517,0.6907454971,0.9573135944,0.1245695146,0.04667540482,,20.88333,Wilkes,0.01084662094867106
566,M,42,0.3154455329,0.8249273737,-0.725108685,0.02237110156,0.6966862125,0.9627132652,0.1325659167,0.04609066111,,24.93333,Wilkes,-0.8193963324195335
567,M,43,0.3912714284,0.5533705601,-0.5378196206,0.02241895625,0.7139124851,0.9604352403,0.08002429576,0.04398711062,,18.3,Wilkes,-1.89019235901457
568,M,44,0.2205434138,0.8560880062,-0.8503795639,0.02232336159,0.7206754621,0.9647303415,0.09433487406,0.04298135706,,25.06667,Wilkes,-0.0343274591953775
569,M,45,0.4107243677,0.7466089741,-0.9049456364,0.02234751802,0.6631752564,0.9546433248,0.1247648642,0.05081274631,,22.3,Wilkes,-0.7629893014075799
570,M,46,0.2363730653,0.8770752879,-0.6455102709,0.0224445603,0.6764373834,0.9616280854,0.1327438904,0.04905190743,,25.91667,Wilkes,-1.7682910181461193
571,M,47,0.3306630753,0.7175421246,-0.7914498396,0.02239471253,0.6972055684,0.9590549122,0.09612702667,0.04607059252,,21.46667,Wilkes,-0.6117316978531706
572,M,48,0.2788839328,0.6920473474,-1.008144916,0.02229792236,0.7028229577,0.9637368019,0.1074733115,0.04514113977,,20.21667,Wilkes,-0.0310539651786903
573,M,49,0.4095153778,0.6110456735,-1.007746655,0.02225526622,0.7213571082,0.9623407227,0.1338262556,0.04276930199,,18.73333,Wilkes,-2.7439480788356128
574,M,50,0.2393348203,0.6533479976,-0.790965398,0.02265704847,0.7302387466,0.9565410736,0.06679816604,0.04248871413,,19.95,Wilkes,-2.3382472022547596
575,M,51,0.3276185865,0.9073194861,-0.6448086272,0.02252365438,0.6773034881,0.9643827947,0.108952845,0.04909895289,,26.55,Wilkes,-1.589412374716051
576,M,52,0.2762250346,0.8523635479,-0.9045308933,0.02217532121,0.6853403854,0.9599772126,0.1185597823,0.04721252963,,24.9,Wilkes,-2.003007312803576
577,M,53,0.3611628749,0.481628363,-0.8499390871,0.02209756632,0.7033308324,0.9612240769,0.06975030193,0.04467094433,,16.71667,Wilkes,-0.7344852341449091
578,M,54,0.3107200702,0.6705916208,-0.5367762186,0.02248820837,0.7089996695,0.9530310486,0.08659398536,0.04473658113,,21.13333,Wilkes,-2.803709516349346
579,M,55,0.3907677958,0.7025972053,-0.7245488965,0.02257080698,0.7312389826,0.9633818235,0.119839555,0.04221126966,,22.48333,Wilkes,0.6704644622589817
580,M,56,0.2083799491,1.066744887,-0.9566612857,0.02222062648,0.749388905,0.9584984184,0.1282757557,0.03956778884,,29.7,Wilkes,-0.058306561885010044
581,M,57,0.3399239795,0.7189035109,-0.9308079431,0.02232355424,0.6859778492,0.9721025527,0.08862499943,0.04743983364,,21.86667,Wilkes,-1.3216850718603848
582,M,58,0.295657601,0.861397244,-0.6869215693,0.02241914993,0.6924183079,0.9668831058,0.1012240629,0.04676081336,,26.1,Wilkes,-2.3923645579391297
583,M,59,0.4699985115,0.515588076,-0.4575062753,0.02237128515,0.7095287617,0.9836426306,0.1294145461,0.0444376336,,18.21667,Wilkes,-2.7490470874081736
584,M,60,0.2720612489,0.7723660377,-0.8211531107,0.02227043413,0.7156499704,0.9691202895,0.136997112,0.0434837878,,24.33333,Wilkes,-0.04319505096338183
585,M,61,0.3769643627,0.7851537384,-0.8776458454,0.02229812835,0.7531492651,0.9704548192,0.1028400526,0.03931029451,,24.58333,Wilkes,-0.7339804502870608
586,M,62,0.1969292567,0.9984739671,-0.5960958341,0.02239489864,0.6678400124,0.9658676436,0.1132201749,0.05021161964,,28.96667,Wilkes,-1.3397721503359783
587,M,63,0.3519499649,0.6883712209,-0.7589552707,0.0224447681,0.6929655541,0.9744905967,0.1380299402,0.0467403358,,20.71667,Wilkes,-1.7443228641150559
588,M,64,0.3107897121,0.6609718089,-0.9822561416,0.02234770366,0.698751211,0.9679532502,0.07764494125,0.04577072132,,19.53333,Wilkes,-2.7833195837273457
589,M,65,0.3506566691,0.7937422287,-0.9694812137,0.02241299089,0.7162440487,0.9559042228,0.1145902039,0.04368956915,,23.38333,Wilkes,0.033662402653349854
590,M,66,0.3082288155,0.7748763191,-0.742095691,0.02231734952,0.7234982929,0.9620703276,0.1235610551,0.0426351302,,24.06667,Wilkes,-2.1567428847425885
591,M,67,0.3741346276,0.6577398786,-0.5681451772,0.02236540951,0.6691474654,0.9596350521,0.06072476858,0.04994973402,,20.26667,Wilkes,-1.9291679806591215
592,M,68,0.1644470707,0.8714100407,-0.8639100417,0.02246548341,0.6797328377,0.9641347512,0.0803556318,0.04862272178,,26.76667,Wilkes,-2.0684819565272723
593,M,69,0.4437325656,0.6538608914,-0.8062579596,0.02243818645,0.6992630888,0.9510852307,0.116126458,0.04588878341,,20.28333,Wilkes,-0.7345037563180985
594,M,70,0.269697321,0.952323597,-0.4026772738,0.02234174437,0.7048582587,0.9609273954,0.1249354196,0.04496902723,,29.13333,Wilkes,-1.8385225311631967
595,M,71,0.3427774702,0.6386387918,-0.666530652,0.02229146629,0.724248895,0.9580701679,0.08261974685,0.04249745805,,20.0,Wilkes,-2.565046483775928
596,M,72,0.2997030953,0.7658169629,-0.9177333462,0.02238896023,0.7345773847,0.9631264957,0.09637898423,0.04149146961,,23.51667,Wilkes,0.49097835160643877
597,M,73,0.402998829,0.5352541998,-0.9437769067,0.02248035481,0.6704740353,0.9666254207,0.1261196528,0.05000797091,,17.71667,Wilkes,-2.306769790998618
598,M,74,0.2379607343,0.7918582491,-0.7062033694,0.0220589107,0.6805630426,0.9716471563,0.1339798103,0.04762635445,,31.15,Tursa,-2.1360388466911737
599,M,75,0.3729492415,0.7436983209,-0.5006648347,0.02221065051,0.6998200503,0.9688163217,0.09811568929,0.04535117214,,30.65,Tursa,-0.03825142623200728
600,M,76,0.3200707161,0.9209606035,-0.8356993218,0.02255724793,0.705415944,0.9782430564,0.1091617587,0.04533102821,,34.35,Tursa,-1.1632898321033824
601,M,77,0.3379551624,0.6520665636,-0.891176893,0.02262678584,0.7250920826,0.9656186618,0.1350473815,0.04303645995,,25.23333,Tursa,0.7389456302730602
602,M,78,0.2874726439,0.5586998129,-0.621462941,0.02224722873,0.7359537623,0.9700996298,0.07015696344,0.04107474352,,24.31667,Tursa,0.5789347885419169
603,M,79,0.4256610077,0.7620009886,-0.7752195494,0.02216078486,0.68130281,0.9676785899,0.1106076602,0.04774245829,,30.51667,Tursa,-0.7566839559948737
604,M,80,0.2614069364,0.8720950912,-0.9950050509,0.02251404207,0.6884809949,0.9737693657,0.1200207126,0.04749736977,,32.65,Tursa,-2.3444406557708892
605,M,81,0.3269600848,0.6009225079,-0.988632675,0.02256382949,0.7059286166,0.9594580318,0.07290969719,0.04527841694,,23.88333,Tursa,-1.7687708899628798
606,M,82,0.285490682,0.7510090209,-0.7671567094,0.0222157238,0.7117323551,0.9640103073,0.08890949118,0.04385580116,,29.7,Tursa,-0.34512447121914214
607,M,83,0.4194749892,0.6475731208,-0.609062406,0.02208062592,0.7373164103,0.9555481013,0.1212774928,0.04061660134,,26.51667,Tursa,-1.8110984056960757
608,M,84,0.2439429934,0.9183905796,-0.884435175,0.02248424244,0.6534429052,0.9619331815,0.1295760072,0.05265783091,,33.83333,Tursa,-0.9486244137349207
609,M,85,0.4013267234,0.6442704737,-0.8284670522,0.02251877186,0.6890707477,0.9578437272,0.09086382039,0.04742606296,,24.91667,Tursa,-2.5108895122590082
610,M,86,0.2385943164,0.7605759865,-0.4801741348,0.0221682898,0.6951602419,0.9629977574,0.1030678163,0.04587354882,,31.75,Tursa,-0.7555356119716223
611,M,87,0.3655599845,0.7872517623,-0.6966893444,0.02225129008,0.7122822423,0.9491991153,0.1306978837,0.0438582159,,31.0,Tursa,0.7671907728610847
612,M,88,0.3239557637,0.7560718656,-0.9373042891,0.02264054476,0.7187684687,0.9607757264,0.1381765432,0.04382367945,,23.16667,Wilkes,-0.5101987181183532
613,M,89,0.4624210814,0.7472109544,-0.9111495444,0.02246910866,0.6566688911,0.9686677328,0.104641455,0.05210662679,,22.65,Wilkes,-1.8517330155730143
614,M,90,0.2719409558,0.8634255907,-0.6558523365,0.02236834765,0.6737124847,0.9772583171,0.1147839251,0.0492815902,,34.13333,Tursa,-2.537030230897722
615,M,91,0.3485594921,0.6676694278,-0.3678223888,0.02232046247,0.6956875796,0.9664976793,0.139196297,0.04611844858,,29.18333,Tursa,-0.6076279050059017
616,M,92,0.3042911255,0.5998098625,-0.7986646545,0.0224160607,0.7013462365,0.9714321696,0.06122448577,0.04557160793,,24.35,Tursa,-0.7936817013981381
617,M,93,0.3631594937,0.7434191523,-0.8569559779,0.02239192514,0.7194121657,0.9675432472,0.1063975023,0.04326491733,,29.8,Tursa,0.02106411841689626
618,M,94,0.3123135548,0.8965471894,-0.5529555271,0.02229481586,0.7275650027,0.9734486345,0.1163163557,0.04211727735,,35.71667,Tursa,-2.992558525218028
619,M,95,0.3858486088,0.4822606132,-0.7334146418,0.022344729,0.674687657,0.9654946147,0.06456332776,0.04908734713,,21.03333,Tursa,-2.3919420223909524
620,M,96,0.2064124706,0.8283422316,-0.963078077,0.02244146008,0.6834165021,0.9699281144,0.08293566796,0.04804853902,,31.33333,Tursa,-0.5399808968508646
621,M,97,0.2686337653,0.9328823916,-0.9758731077,0.02227406652,0.7018539382,0.9642588972,0.1176328166,0.04521744614,,34.23333,Tursa,-0.7019653297689272
622,M,99,0.34970115,0.5668564801,-0.5824874475,0.02242226015,0.7284488976,0.9622061455,0.08509832304,0.04225530164,,23.95,Tursa,-0.18994813561408197
623,M,100,0.3009867136,0.7166015937,-0.8708053686,0.02232662639,0.7422423418,0.9562337161,0.09836004947,0.04052580537,,27.58333,Tursa,0.5757572189206903
624,M,101,0.3360679709,0.8667444478,-0.813752027,0.02235066958,0.6840903706,0.9632544975,0.127452956,0.04775991923,,33.98333,Tursa,0.07211960659958994
625,M,102,0.2879524398,0.8246298708,-0.4320096642,0.0224481129,0.6907969405,0.9582881124,0.1351988612,0.0470412688,,33.45,Tursa,-0.5574065648517066
626,M,103,0.4294731132,0.570448115,-0.6768772688,0.02239788196,0.7079981054,0.9610767961,0.1000456583,0.04468304493,,23.53333,Tursa,0.9765379554398561
627,M,104,0.2686915428,0.6162683977,-0.924285207,0.02230140615,0.7139642368,0.952207944,0.1108119139,0.0437501283,,24.23333,Tursa,-1.652969913426198
628,M,105,0.2761050663,0.9879472047,-0.9502283923,0.02218194907,0.7443107222,0.9797324609,0.1362521656,0.04003973121,,36.25,Tursa,-2.0365280652209514
629,M,106,0.3229534493,0.609502968,-0.7154838693,0.02252870539,0.6633384535,0.968967122,0.07329038776,0.05119951981,,24.15,Tursa,-1.925671054611806
630,M,107,0.4052318098,0.7334546275,-0.5194253466,0.02267800185,0.6913595741,0.9718703016,0.112226148,0.04744569619,,30.3,Tursa,-0.48693478662120615
631,M,108,0.2327689603,0.8658291812,-0.8428550554,0.02225916332,0.697252668,0.9667538755,0.121455444,0.04578555328,,33.2,Tursa,-2.521957300057325
632,M,109,0.4198263462,0.5552392128,-0.8978743836,0.02222537457,0.7145370492,0.9741148903,0.07587603367,0.04353109429,,22.98333,Tursa,-1.368390075274219
633,M,110,0.2497223186,0.8151097677,-0.6333606019,0.02257824828,0.7214198096,0.9678152273,0.09113790242,0.04338245424,,32.38333,Tursa,-1.6227126631724391
634,M,111,0.3349969654,0.7464770645,-0.7831529635,0.02249225871,0.6650295657,0.9702750886,0.1226903015,0.05085704979,,29.53333,Tursa,-2.5230106289778225
635,M,112,0.2845344133,0.901243242,-1.001375602,0.02211161004,0.6773806879,0.9657429881,0.1308569762,0.04818975798,,33.18333,Tursa,0.31615573190078816
636,M,113,0.3647331056,0.7210774649,-0.998190409,0.02230303275,0.6977695982,0.957727013,0.09302281316,0.0458078423,,28.58333,Tursa,0.33552960306597646
637,M,114,0.3127542734,0.8572639858,-0.7792018908,0.02239937769,0.7033770236,0.9629330926,0.1048633782,0.04527511869,,32.88333,Tursa,-1.994417617597322
638,M,115,0.3925575488,0.5845675093,-0.6274710969,0.02244979988,0.7221180581,0.9471676114,0.1319625926,0.04305227075,,24.15,Tursa,-2.643440398219476
639,M,116,0.2237211553,0.8668698133,-0.8945309608,0.02235214964,0.7313323336,0.9606989916,0.1393410638,0.04179167198,,33.06667,Tursa,-0.49109082250132374
640,M,117,0.4158951372,0.7298054206,-0.8392864467,0.02232815559,0.6782141665,0.9593678929,0.09510914494,0.04854216429,,29.25,Tursa,-2.1840032232037676
641,M,118,0.2451738275,0.852919964,-0.5102389954,0.02242382364,0.6860352532,0.963947958,0.1066139681,0.04764494199,,34.25,Tursa,-0.6659651443784345
642,M,119,0.3277228468,0.698184126,-0.7108716347,0.02237569269,0.7038854399,0.9553582457,0.1332093768,0.04516193331,,26.78333,Tursa,-1.4372509921316903
643,M,120,0.2774700437,0.6693836742,-0.947005131,0.0222758617,0.7095770272,0.9618640817,0.06501954517,0.04424206807,,25.3,Tursa,0.44275572202722335
644,M,121,0.3874974311,0.6061963966,-0.9210130912,0.02211785813,0.7323884468,0.9674760345,0.1081111175,0.04123443977,,24.51667,Tursa,-1.7529873744155102
645,M,122,0.216142974,0.6329886432,-0.6717434945,0.02249431762,0.7535572709,0.9732962611,0.1178190856,0.0396132335,,26.1,Tursa,-0.9208669004499113
646,M,123,0.3558055923,0.8234726046,-0.4179066173,0.02258216916,0.6866609756,0.9654326806,0.06808690336,0.0478939795,,34.16667,Tursa,-2.671685309443389
647,M,124,0.3141837066,0.7882130652,-0.810016997,0.02222769507,0.693015072,0.9698437421,0.08540060434,0.04628167522,,30.35,Tursa,-1.5422028841038413
648,M,125,0.3431741738,0.5473626728,-0.8673647998,0.02226108401,0.7101098875,0.9685942221,0.1191107826,0.04414638934,,22.9,Tursa,0.611536548352464
649,M,126,0.3009151057,0.7046053424,-0.5754145662,0.02269123836,0.7162984622,0.9768611753,0.1276181529,0.04422523613,,29.08333,Tursa,-2.4185322809611756
650,M,127,0.4771124193,0.6401751393,-0.7463711273,0.02253129965,0.7594118324,0.9664340573,0.08747308653,0.03906893063,,26.93333,Tursa,0.01145241893862714
651,M,128,0.3562761687,0.7598755005,-0.9726784166,0.02218512945,0.6692617337,0.9713274783,0.1002830029,0.04953018828,,29.9,Tursa,-1.1985450877969024
652,N,1,0.432586054,0.5978329648,-0.9598715403,0.02264837579,0.6935573504,0.9631905848,0.1167345027,0.04708388658,,18.25,Wilkes,-0.7426791942169575
653,N,2,0.2617459498,0.8219890866,-0.7290057328,0.0222532884,0.6993095563,0.9581801454,0.1317550741,0.04550459677,,24.71667,Wilkes,0.5780625966280035
654,N,3,0.3354640629,0.7542634197,-0.5449998617,0.02217185993,0.7169017069,0.9610023698,0.08260467584,0.04314027383,,24.13333,Wilkes,0.6050115894588264
655,N,4,0.2895887405,0.8451406762,-0.85345565,0.02252119309,0.7243181582,0.9516987929,0.09323366218,0.04292720857,,24.73333,Wilkes,-1.2566255826936406
656,N,5,0.3469247948,0.7142742794,-0.7948287091,0.02248621525,0.6426222557,0.9641968583,0.1340531674,0.054450872,,21.05,Wilkes,0.9751873339176838
657,N,6,0.3060693368,0.7318960539,-0.3474338349,0.02208954278,0.6705804456,0.9597220189,0.06597480833,0.04912300847,,23.25,Wilkes,-1.8622235523810695
658,N,7,0.3719692785,0.7615828549,-0.650378454,0.02221819541,0.6941441459,0.962138397,0.09485985878,0.04611152139,,22.9,Wilkes,-2.1085895069637126
659,N,8,0.1445244292,1.158536424,-0.9078447606,0.02256726488,0.6998664043,0.9560719877,0.1070657555,0.04607322718,,31.58333,Wilkes,-0.5351386317348128
660,N,9,0.3292938336,0.7789049075,-0.9340592469,0.02244310965,0.7175701343,0.9739387297,0.0671255516,0.04358673335,,23.65,Wilkes,-0.6383520056413254
661,N,10,0.2824783579,0.818266398,-0.6918385343,0.0223462175,0.7251635735,0.9677467412,0.07576279354,0.04249443514,,25.1,Wilkes,-0.9172561682557605
662,N,11,0.4257411079,0.6622595334,-0.4691470091,0.02229647658,0.6717136,0.9701868466,0.1089332137,0.04941604183,,20.88333,Wilkes,-1.771740308056216
663,N,12,0.2546198579,0.8261365923,-0.8248206241,0.02239341074,0.6813691164,0.9656807869,0.1229499704,0.0482342307,,23.63333,Wilkes,-1.2665239038244458
664,N,13,0.3966297883,0.6857295389,-0.8810466789,0.02241760279,0.7003757843,0.9788907911,0.06846528439,0.04570112871,,21.56667,Wilkes,-0.8142135304460734
665,N,14,0.2376146448,0.9232748584,-0.6026542778,0.0223220109,0.7059753009,0.968891436,0.07727491368,0.04478724017,,28.03333,Wilkes,-2.8936524888124713
666,N,15,0.3694008016,0.6767735213,-0.7630739191,0.02236981641,0.725963297,0.9717576535,0.1111073694,0.04244564048,,21.23333,Wilkes,-2.7401444415558873
667,N,16,0.3236887654,0.7533288517,-0.9854450741,0.0224709431,0.73744578,0.9666895551,0.125403881,0.04132007589,,22.33333,Wilkes,-2.845590738894302
668,N,17,0.3886428085,0.72607648,-0.9918192367,0.02239044169,0.6820886932,0.9611506926,0.07862275521,0.04812613224,,21.51667,Wilkes,0.35581428428770145
669,N,18,0.2201514139,0.9340134568,-0.7712048629,0.02229314586,0.6891239812,0.9526456013,0.08873937613,0.04694362585,,27.3,Wilkes,-0.5203800166257051
670,N,19,0.3616309064,0.690775768,-0.6153292202,0.02234323801,0.7064897722,0.9633182413,0.1275911958,0.04476456349,,21.18333,Wilkes,-1.7468543985819371
671,N,20,0.318439768,0.6999553171,-0.8878117705,0.02243981911,0.7123324806,0.9583941717,0.06279452287,0.0442235759,,19.75,Wilkes,-0.7021046265462463
672,N,21,0.3281269616,0.7653133418,-0.8320930675,0.02246728893,0.7389386889,0.9622735839,0.09028718266,0.04114659094,,22.93333,Wilkes,0.5090932831639425
673,N,22,0.2842252715,0.8797365582,-0.4906600411,0.02236687873,0.6569258171,0.9563899267,0.1019046997,0.05182898731,,26.31667,Wilkes,-2.6015722970712085
674,N,23,0.4138181921,0.6277799633,-0.7014767566,0.02231890875,0.689705565,0.964320874,0.06388979508,0.04691864877,,19.5,Wilkes,-2.2147850734183656
675,N,24,0.2417784151,0.8496943843,-0.9405434002,0.02241452347,0.6957353664,0.9598930628,0.07211068273,0.04630643521,,25.08333,Wilkes,-1.6807041410896946
676,N,25,0.3576797526,0.6873685494,-0.9144456174,0.02251638877,0.7128879798,0.9703643979,0.103682138,0.04430534826,,20.61667,Wilkes,-1.1672711253986034
677,N,26,0.3116834868,0.7638992582,-0.6612349518,0.0221646016,0.7194712703,0.9658052716,0.1170232233,0.04281865452,,24.03333,Wilkes,-1.5678235599473962
678,N,27,0.3873309929,0.7005311036,-0.3860881537,0.02224927047,0.6594695984,0.9742985658,0.07336844891,0.05115949123,,23.25,Wilkes,0.3937873802554952
679,N,28,0.2000919102,0.9877882182,-0.80247412,0.02263338845,0.6747741628,0.9678840597,0.08280898279,0.04970873223,,28.03333,Wilkes,-0.8179442187913328
680,N,29,0.4606183022,0.622966966,-0.8604406026,0.02256049287,0.6962594447,0.9719852235,0.1190643612,0.0465378574,,18.78333,Wilkes,-2.694284479729664
681,N,30,0.2730673559,0.7765366534,-0.5606643865,0.02221320958,0.7019000823,0.9668183897,0.1343847224,0.04508797468,,23.98333,Wilkes,-1.9479458854357397
682,N,31,0.3435934689,0.7503481585,-0.7377773984,0.02207055108,0.7201282212,0.9809711457,0.08425335045,0.04255920586,,23.36667,Wilkes,-0.9712138408058775
683,N,32,0.2983474008,0.7852307729,-0.9662812007,0.0224822892,0.7285309541,0.9690433996,0.09509447659,0.04235888424,,23.05,Wilkes,0.03587331910443092
684,O,1,0.2830260836,0.8046180598,-0.9790655842,0.02222301894,0.6757040405,0.9503033719,0.1367286825,0.04867321399,,22.95,Wilkes,-0.4850817251498065
685,O,2,0.2679748511,0.8117535165,-0.7547994886,0.02257446473,0.6841509499,0.9608518542,0.06729157388,0.04822959253,,23.73333,Wilkes,0.9846220563803598
686,O,3,0.3439282658,0.7616315969,-0.5893771885,0.02249022258,0.7024076327,0.9579580686,0.09675312982,0.04558430202,,23.06667,Wilkes,-1.710009356718754
687,O,4,0.2532881933,0.8645010493,-0.8742322277,0.0221048785,0.7080455667,0.9630622225,0.1092026393,0.04409260081,,24.76667,Wilkes,-0.5203446098223798
688,O,5,0.3056942085,0.747771009,-0.8174638176,0.02217868183,0.7294538436,0.9557298244,0.06081001673,0.04168118877,,23.0,Wilkes,0.8369215708479216
689,O,6,0.2197272396,0.9183175191,-0.4451636163,0.02252615775,0.744514284,0.9620019262,0.06863462024,0.04063881656,,28.18333,Wilkes,-1.2096398281710514
690,O,7,0.2959198438,0.7941847249,-0.6819355199,0.02266680264,0.6848102178,0.9595470703,0.09868418792,0.04833367305,,24.13333,Wilkes,-2.355729902515617
691,O,8,0.2762971437,0.8445486263,-0.9275500429,0.02225722429,0.6914104358,0.9640725696,0.1113821723,0.04655851733,,23.83333,Wilkes,-2.0808873982734135
692,O,9,0.3335206668,0.7650009999,-0.9534470063,0.02234918764,0.7085691334,0.9655566064,0.06983175638,0.04451406774,,23.1,Wilkes,-1.3887361390404007
693,O,10,0.2522686711,0.9063430785,-0.7200422647,0.02244643575,0.7145894543,0.9700133983,0.07881721364,0.0439576214,,27.28333,Wilkes,-2.5011133904240146
694,O,11,0.2860031089,0.7612576951,-0.5282605443,0.022396389,0.7469747766,0.9676107621,0.1133249182,0.04013896113,,24.78333,Wilkes,-1.0993931115230104
695,O,12,0.2631741363,0.8290008462,-0.8464057429,0.02229977144,0.6651747605,0.9736061797,0.1279067683,0.05039980869,,24.46667,Wilkes,0.8800731997927658
696,O,13,0.3024857527,0.8526868015,-0.9012075632,0.02227225749,0.6919669145,0.9665614646,0.08019195622,0.04651505934,,24.8,Wilkes,0.5128762338346107
697,O,14,0.2804673138,0.8436893366,-0.6391378207,0.02237275402,0.6978164907,0.9715386966,0.09051049083,0.04594486618,,25.88333,Wilkes,-0.6150944945113448
698,O,15,0.3188262535,0.7528989631,-0.7870738013,0.02242070231,0.7151697364,0.9687417601,0.1301377389,0.0438360038,,23.35,Wilkes,0.7479256853328291
699,O,16,0.2320151878,0.8568945272,-1.00456092,0.02232509267,0.7221823361,0.9777116647,0.06404781433,0.04280549727,,25.2,Wilkes,-0.4857059024796344
700,O,17,0.2875520127,0.8649054098,-1.002968227,0.02247372346,0.6666924905,0.966915542,0.09208918944,0.0505619606,,25.13333,Wilkes,-2.6772401342556313
701,O,18,0.2656425378,0.8537536531,-0.7851170987,0.02198735367,0.6782885645,0.972162165,0.103938576,0.04779076383,,25.53333,Wilkes,-0.38198958453844734
702,O,19,0.3986690047,0.6745565351,-0.6362628691,0.0222013042,0.6983312893,0.9649077108,0.06516494666,0.04552557972,,21.3,Wilkes,-0.6465045085144814
703,O,20,0.2565608356,0.8150623373,-0.899542229,0.02254652659,0.7039316923,0.9691589707,0.07354991181,0.04550075565,,24.28333,Wilkes,-0.41772555592004723
704,O,21,0.3093851065,0.7856008688,-0.8446326028,0.02260690118,0.7228987263,0.9679879835,0.1057514894,0.04325996034,,23.91667,Wilkes,-1.9623334459463773
705,O,22,0.2200213953,0.9535575032,-0.5238847565,0.02223989529,0.7324872671,0.9745900488,0.1193588443,0.04145076773,,29.08333,Wilkes,-0.06903466551444293
706,O,23,0.2999541038,0.7301166351,-0.7177696645,0.02214622462,0.6790928549,0.9658988649,0.07483278125,0.04802212551,,22.76667,Wilkes,-0.8652584295519712
707,O,24,0.2734785879,0.8036955611,-0.9518382606,0.02250609227,0.686717354,0.9705004614,0.08446173508,0.04772479261,,23.83333,Wilkes,0.8680843460917926
708,O,25,0.325725711,0.7288649589,-0.9259185133,0.02240766092,0.7044409126,0.95854989,0.1214407205,0.04515515964,,22.23333,Wilkes,-2.4862206405250316
709,O,26,0.2423391053,0.8681764361,-0.6794156221,0.02231184584,0.7101585116,0.9634135564,0.1370668549,0.04424099718,,26.31667,Wilkes,-0.8980514156794444
710,O,27,0.2865058418,0.8167465246,-0.4386958913,0.02236026285,0.7336085048,0.9532082166,0.08593493031,0.04154781502,,26.41667,Wilkes,0.41145071431784697
711,O,28,0.2493995619,0.8931500884,-0.8156107803,0.02245926922,0.7601417531,0.9612605822,0.09699243028,0.03886927543,,26.7,Wilkes,-2.3313161457184033
712,O,29,0.3001440253,0.7894078139,-0.95,0.02243253372,0.6873322286,0.9600189595,0.065,0.04748373939,Also has the full z=0 simulation box.,24.35,Wilkes,0.08776153267329834
713,O,30,0.275472578,0.8117693964,-0.5859544289,0.02233649347,0.6936064352,0.964413736,0.06096041873,0.04642893994,,25.33333,Wilkes,0.7382551741149439
714,O,31,0.3184180716,0.797917358,-0.7527072581,0.02228550755,0.7106954985,0.956614875,0.08765007217,0.04412202133,,24.36667,Wilkes,-0.048209087084235325
715,O,32,0.2316781751,0.911559322,-0.9774696043,0.02238378872,0.7169569863,0.9623741829,0.09892826448,0.04354591251,,25.86667,Wilkes,-0.38692472331783234
716,P,1,0.3159187535,0.7707095058,-0.9646800465,0.02233044132,0.7799672924,0.9726645632,0.06202370021,0.03670663082,Originally run on Wilkes but tar.gz file became corrupt. Rerun on Tursa in May 2024.,12.93333,Tursa,-2.1346132765570487
717,P,2,0.2367372348,0.8686493758,-0.7356016816,0.02242617995,0.6087511211,0.9671770477,0.07000447194,0.06051677202,,24.68333,Wilkes,0.7133727392565232
718,P,3,0.3035740428,0.8115385786,-0.5568395841,0.02237789806,0.6873926944,0.9694744714,0.1006537873,0.04735975716,,25.03333,Wilkes,-2.6706421233552415
719,P,4,0.2748578141,0.8331942765,-0.8587002205,0.02227852952,0.6936599429,0.9651545263,0.1136052058,0.04630131127,,24.2,Wilkes,-1.5370477298210852
720,P,5,0.2830780556,0.7925458066,-0.8005726431,0.02230545804,0.7107489722,0.9754899587,0.07122550125,0.04415487557,,24.63333,Wilkes,-2.7770330501008287
721,P,6,0.2602595908,0.8543665557,-0.3771889808,0.02240162683,0.717017377,0.9682693741,0.08039029576,0.04357327434,,26.9,Wilkes,-1.1311957625444724
722,P,7,0.3292651069,0.7585598648,-0.6585547733,0.02245234948,0.6435468811,0.9708768072,0.1155867261,0.054212747,,23.48333,Wilkes,-0.0526008795005386
723,P,8,0.2486172261,0.9056255087,-0.9127986467,0.02235436651,0.6706958533,0.9661495873,0.1304596098,0.04969482031,,26.48333,Wilkes,-0.9924603102511425
724,P,9,0.2955939871,0.8096262339,-0.9389245656,0.02226393207,0.6941972575,0.9636661369,0.08179247629,0.04619937294,,23.3,Wilkes,-2.0640850721492017
725,P,10,0.2733805742,0.8774978363,-0.6990908093,0.02271753876,0.6999169628,0.9589473352,0.09231695453,0.04637332539,,26.65,Wilkes,-0.47634806580912104
726,P,11,0.3054993341,0.7412846667,-0.4854807309,0.02253528408,0.717631464,0.9615484052,0.1327351074,0.04375826496,,24.38333,Wilkes,-0.046248905142045604
727,P,12,0.2130531712,0.9241091422,-0.8302825702,0.0221897498,0.7252417872,0.9543728558,0.06532611976,0.04218778913,,26.98333,Wilkes,-1.9854257040219014
728,P,13,0.3422601811,0.7722658168,-0.8861249334,0.02212648176,0.6718224667,0.9646609072,0.09392716177,0.04902338752,,23.2,Wilkes,-1.6869812066380758
729,P,14,0.2573611745,0.863619059,-0.6122129464,0.02249745071,0.6814412771,0.9603455786,0.1060130456,0.04844806494,,26.48333,Wilkes,-2.174615167999425
730,P,15,0.2877632513,0.7841871872,-0.7691850415,0.02258833751,0.7004262547,0.9626394072,0.0664655485,0.04604255703,,23.98333,Wilkes,-1.1866363059383969
731,P,16,0.2670869873,0.7518948539,-0.9902260675,0.02223111334,0.7060262448,0.9571682901,0.0750178659,0.04459842506,,22.01667,Wilkes,-2.7645111812192904
732,P,17,0.3519867518,0.732946925,-0.9838507926,0.02219565632,0.7260439917,0.9696365799,0.1078621423,0.04210581905,,22.15,Wilkes,-1.332973749951115
733,P,18,0.2546016318,0.8793557605,-0.7610191555,0.0225407854,0.7375880408,0.9652780569,0.1217410811,0.04143251645,,27.11667,Wilkes,-2.6620059495862307
734,P,19,0.2938175666,0.7635227526,-0.5993944412,0.02279219973,0.6821591097,0.972935363,0.07632633964,0.04897955958,,24.45,Wilkes,-1.9577574227066168
735,P,20,0.2696543483,0.8285969691,-0.879347832,0.02226767111,0.6891819838,0.9673092581,0.08614747401,0.04688209026,,24.01667,Wilkes,0.9643090237554142
736,P,21,0.2947030961,0.8222621181,-0.8229895459,0.02223556192,0.7065408936,0.9710732047,0.1238645087,0.0445423886,,24.71667,Wilkes,-2.7226444226011797
737,P,22,0.2689408573,0.8391996766,-0.4634084384,0.02259718463,0.7123873347,0.9662756695,0.1398025189,0.04452684815,,26.51667,Wilkes,-1.8196254885732426
738,P,23,0.3116649804,0.7736927734,-0.6893885001,0.02250171684,0.7390943634,0.9760351028,0.07654212479,0.04119228416,,24.28333,Wilkes,-1.4782524347147645
739,P,24,0.2071219148,0.9259486935,-0.9324343985,0.02213685771,0.6572005365,0.9684125952,0.08639102487,0.05125310196,,27.0,Wilkes,0.32234602439195736
740,P,25,0.2792004098,0.8120263351,-0.9061889859,0.02228204233,0.6897628555,0.9616896984,0.1242146908,0.04683336769,,24.01667,Wilkes,-2.5459094754012295
741,P,26,0.2604393121,0.8175840808,-0.6476058395,0.0223808413,0.6957874695,0.9548413258,0.06113276229,0.0462299263,,24.75,Wilkes,0.7112344338853713
742,P,27,0.3238698594,0.8391035833,-1.0,0.02242934352,0.7129433666,0.9637916621,0.08789787109,0.04412721284,,24.76667,Wilkes,-0.11294018361076397
743,P,28,0.2412798394,0.9080984497,-0.792900531,0.02233347483,0.7195358629,0.959137419,0.09920794841,0.04313714615,,26.83333,Wilkes,0.5944206379351082
744,P,29,0.3145795706,0.7320392816,-0.95,0.02235731713,0.6596980906,0.9627705028,0.065,0.05137232637,,21.11667,Wilkes,0.27854721674305827
745,P,30,0.2246466272,0.8984312541,-0.5409229672,0.02245578653,0.6748681444,0.9574238792,0.0702023843,0.04930493761,,27.06667,Wilkes,-0.6491979965351606
746,P,31,0.2916961583,0.8106713167,-0.7267834201,0.02240463687,0.6963112677,0.9647843312,0.1009383495,0.04620947809,,24.78333,Wilkes,-2.7878949726295925
747,P,32,0.2794652014,0.8715799947,-0.9582668968,0.02230866585,0.70195042,0.9605043564,0.1139263835,0.04527523591,,25.78333,Wilkes,0.6140380632916171
748,Q,1,0.3543319627,0.6685653359,-0.9710801477,0.02246280072,0.7201940736,0.9650310934,0.07142686563,0.04330766989,,20.01667,Wilkes,-0.6666919282439019
749,Q,2,0.3314248571,0.7094939376,-0.7442386688,0.02236320481,0.7286208085,0.9693153368,0.08061757028,0.04212412582,,21.6,Wilkes,-2.322139441496044
750,Q,3,0.3717602072,0.6909784908,-0.5718053276,0.0223149999,0.6757941919,0.9670458326,0.1159135059,0.04886163323,,21.48333,Wilkes,0.8117214757707387
751,Q,4,0.284026451,0.8388025952,-0.8656392249,0.02241070036,0.6842169108,0.9724073962,0.1308284372,0.04787048431,,24.76667,Wilkes,-2.3444588540703353
752,Q,5,0.3922729407,0.6501766809,-0.8081405282,0.02238674147,0.7024579695,0.9660240035,0.08202371497,0.04536805866,,19.13333,Wilkes,-2.2179142761827415
753,Q,6,0.2962263653,0.7072071848,-0.4104457529,0.02228892825,0.7080973677,0.9706860531,0.09257794737,0.04445322015,,23.35,Wilkes,-0.5784593124954651
754,Q,7,0.3292651069,0.7585598648,-0.6691471876,0.0223394986,0.7295474912,0.9681278738,0.133110368,0.04197263983,,23.13333,Wilkes,-0.04891592342487927
755,Q,8,0.3099927517,0.7490613357,-0.9193741944,0.02243575245,0.7447397351,0.975014231,0.06551080576,0.04045121658,,22.43333,Wilkes,-2.4718812407674027
756,Q,9,0.3556171574,0.7148261547,-0.9453916591,0.02255253873,0.6848749109,0.9538376853,0.09419270688,0.04808093708,,20.48333,Wilkes,-1.4237143588882852
757,Q,10,0.2473924347,0.8423977072,-0.7085446477,0.02220672254,0.6914658684,0.9614054055,0.1063127592,0.04644542818,,26.33333,Wilkes,-1.2052372251145167
758,Q,11,0.3414924837,0.7046991135,-0.5055029077,0.02203688593,0.7086212123,0.9587516716,0.06665345582,0.04388558847,,23.01667,Wilkes,-1.1691993899048616
759,Q,12,0.3242087669,0.6964160937,-0.8374952367,0.02247748712,0.7146466882,0.9635401199,0.07522995181,0.04401138002,,20.03333,Wilkes,-1.083844222559701
760,Q,13,0.3344910626,0.7181561909,-0.8928552829,0.02251058667,0.747244858,0.9568992995,0.1081670835,0.04031446894,,21.63333,Wilkes,-1.1924455603020725
761,Q,14,0.3153131286,0.7537274051,-0.6244822688,0.02215479215,0.6653316859,0.9625073252,0.12208526,0.0500485231,,24.7,Wilkes,-2.9300060403925996
762,Q,15,0.4043834208,0.6353967745,-0.7772146949,0.0222441227,0.6920218112,0.9601838538,0.06798376623,0.04644893026,,18.9,Wilkes,0.7390548122019109
763,Q,16,0.2962656322,0.7526919098,-0.9965977688,0.02261772773,0.6978676279,0.9645373914,0.07673143717,0.04644113931,,21.9,Wilkes,-0.6901788420535899
764,Q,17,0.3656698297,0.6677681419,-0.9997830079,0.02243413939,0.7152276783,0.9711736877,0.1103259483,0.04385516897,,19.53333,Wilkes,-0.17569307209831297
765,Q,19,0.3484485918,0.7057606654,-0.6304302708,0.02228722328,0.6668357522,0.9763422145,0.0780697993,0.05012082503,,22.0,Wilkes,-0.3487950605322161
766,Q,20,0.3227401846,0.7449649906,-0.8962039775,0.02238526435,0.6783694754,0.9684848875,0.08811526975,0.04864403945,,21.98333,Wilkes,0.8271415165629281
767,Q,21,0.3368385684,0.7110459771,-0.841073028,0.02240917863,0.698382247,0.9697188188,0.1266938435,0.04594513761,,21.31667,Wilkes,-0.7852302401315607
768,Q,22,0.3136594642,0.7128848529,-0.5148782265,0.022313426,0.7039821565,0.9653398738,0.06235288733,0.04502388371,,22.3,Wilkes,-1.5894461213781428
769,Q,23,0.4096998508,0.6646906188,-0.7131846161,0.02236173423,0.7229707372,0.973076509,0.08965219052,0.04278229155,,20.48333,Wilkes,0.01135045813752944
770,Q,24,0.3014361615,0.7553506136,-0.9486173622,0.02246102866,0.7325956361,0.9673757596,0.1011880013,0.04185053241,,23.15,Wilkes,-2.2720304241196363
771,Q,25,0.3500342272,0.7257423292,-0.9226500808,0.0226121568,0.6791712648,0.9628357029,0.06344045647,0.04902113727,,22.0,Wilkes,-0.6227401724308894
772,Q,26,0.3288847745,0.7323084961,-0.6743200381,0.0222420217,0.6867787643,0.9575471776,0.07160352639,0.04715638927,,21.86667,Wilkes,-0.04509353591650411
773,Q,27,0.3689956987,0.6707076146,-0.425086768,0.02215059785,0.704491463,0.9648460236,0.1029529387,0.04463072924,,21.96667,Wilkes,-0.7226800038453307
774,Q,28,0.2721525475,0.730311326,-0.8118874643,0.02250832395,0.7102115918,0.9605827042,0.1162001959,0.04462391238,,21.36667,Wilkes,0.36442982237016786
775,Q,29,0.3800154534,0.6866067381,-0.8690868276,0.02247559698,0.7337233327,0.9617597396,0.07285244667,0.04174904791,,20.81667,Wilkes,-2.4264081620985585
776,Q,30,0.2916961583,0.8106713167,-0.5789747016,0.02201684617,0.7610015038,0.9550560845,0.08222658502,0.03801754582,,25.43333,Wilkes,0.2579959651154864
777,Q,31,0.3320744313,0.6829225209,-0.7484932559,0.02220404044,0.6800187215,0.9638542569,0.1182269785,0.04801647462,,19.85,Wilkes,0.7703643529318072
778,Q,32,0.3054993341,0.7412846667,-0.9742760575,0.02254949661,0.6874480422,0.9592305186,0.1334395911,0.04771523778,,22.08333,Wilkes,0.3988961385570713
779,R,12,0.2689408226,0.8862429321,-0.8266464313,0.02235584251,0.7004725127,0.9645991638,0.0782628901,0.0455626364,,25.48333,Wilkes,-1.477617544131348
780,R,13,0.3331139839,0.773655548,-0.8827424416,0.02233196002,0.7183126383,0.9541149946,0.112527901,0.04328125311,,22.95,Wilkes,-2.3878585246129234
781,R,15,0.360208235,0.7543625489,-0.765119719,0.02237936923,0.6729824333,0.9588502329,0.07962796407,0.04941290482,,22.31667,Wilkes,-0.614355683648415
782,R,22,0.2470732711,0.9205972241,-0.4957192222,0.02237642765,0.6898153122,0.9722833822,0.07303263333,0.04702459813,,28.26667,Wilkes,-1.9604752016247864
783,R,23,0.3279673948,0.808940126,-0.7038475064,0.02242460757,0.7071045301,0.9649693988,0.1050077364,0.0448495007,,23.95,Wilkes,-0.1947279002677571
784,R,25,0.3754933367,0.7491675551,-0.9160905022,0.02222884263,0.7409146672,0.9601018175,0.07430648033,0.04049304787,,19.7,Wilkes,-1.737457254738111
785,S,5,0.1427368421,1.220840609,-0.8193112309,0.0225436242,0.6767632021,0.972798139,0.09994588651,0.04922098076,,35.55,Wilkes,-0.12281087895609
786,S,6,0.1465263158,1.204950466,-0.4514289555,0.02219851065,0.684934107,0.9672430239,0.1128062174,0.04731798604,,35.98333,Wilkes,-1.4385600551543147
787,S,7,0.1503157895,1.19710047,-0.6844373704,0.02192374689,0.7030117938,0.9695551404,0.07072457042,0.0443597978,,35.0,Wilkes,-1.0976387079923118
788,S,8,0.1578947368,1.168016763,-0.9291798386,0.02247186599,0.7086689768,0.9652162764,0.07982490869,0.04474580173,,31.5,Wilkes,0.6429984875311066
789,S,9,0.1654736842,1.126781434,-0.9550546684,0.02238231441,0.7306052113,0.9647226277,0.1147738016,0.04193140946,,30.2,Wilkes,-1.4076117301618827
790,S,10,0.1882105263,1.056530883,-0.7223019256,0.02228378069,0.7474973347,0.9604253228,0.1295420839,0.039881325,,29.58333,Wilkes,-2.7892742309068095
791,S,11,0.264,0.9369610429,-0.5325565156,0.02233498592,0.6855787707,0.9627050738,0.08121722765,0.04751940139,,27.71667,Wilkes,0.8477342993280117
